<?xml version="1.0" encoding="utf-8" ?>
<kml xmlns="http://www.opengis.net/kml/2.2">
<Document id="root_doc">
<Schema name="zones_inondables" id="zones_inondables">
	<SimpleField name="OBJECTID_1" type="float"></SimpleField>
	<SimpleField name="Shape_Leng" type="float"></SimpleField>
	<SimpleField name="Superficie" type="float"></SimpleField>
	<SimpleField name="Shape_Le_1" type="float"></SimpleField>
	<SimpleField name="Shape_Area" type="float"></SimpleField>
</Schema>
<Folder><name>zones_inondables</name>
  <Placemark id="zones_inondables.1">
	<Style><LineStyle><color>ff0000ff</color></LineStyle><PolyStyle><fill>0</fill></PolyStyle></Style>
	<ExtendedData><SchemaData schemaUrl="#zones_inondables">
		<SimpleData name="OBJECTID_1">1</SimpleData>
		<SimpleData name="Shape_Leng">192.13528353800</SimpleData>
		<SimpleData name="Superficie">0.16189900000</SimpleData>
		<SimpleData name="Shape_Le_1">192.13528353800</SimpleData>
		<SimpleData name="Shape_Area">1618.98971476000</SimpleData>
	</SchemaData></ExtendedData>
      <MultiGeometry><Polygon><outerBoundaryIs><LinearRing><coordinates>-17.2487877147107,14.71603232881,0 -17.2487851464055,14.7157817412381,0 -17.2488638387203,14.7156421725989,0 -17.2490020649936,14.7157613321839,0 -17.24905560936,14.7160423997062,0 -17.2489689253399,14.716058728902,0 -17.249036380962,14.7162847517397,0 -17.2488344841587,14.7163585169385,0 -17.2487877147107,14.71603232881,0</coordinates></LinearRing></outerBoundaryIs></Polygon></MultiGeometry>
  </Placemark>
  <Placemark id="zones_inondables.2">
	<Style><LineStyle><color>ff0000ff</color></LineStyle><PolyStyle><fill>0</fill></PolyStyle></Style>
	<ExtendedData><SchemaData schemaUrl="#zones_inondables">
		<SimpleData name="OBJECTID_1">2</SimpleData>
		<SimpleData name="Shape_Leng">118.61761469300</SimpleData>
		<SimpleData name="Superficie">0.06614100000</SimpleData>
		<SimpleData name="Shape_Le_1">118.61761469300</SimpleData>
		<SimpleData name="Shape_Area">661.41026593100</SimpleData>
	</SchemaData></ExtendedData>
      <MultiGeometry><Polygon><outerBoundaryIs><LinearRing><coordinates>-17.2440448065693,14.7178229768686,0 -17.2440440644883,14.7177504291251,0 -17.244074660483,14.717680264845,0 -17.2440289604664,14.7176242763462,0 -17.2440643703206,14.7175746669747,0 -17.2443789015025,14.7178505355039,0 -17.244323851724,14.7179224601589,0 -17.2440448065693,14.7178229768686,0</coordinates></LinearRing></outerBoundaryIs></Polygon></MultiGeometry>
  </Placemark>
  <Placemark id="zones_inondables.3">
	<Style><LineStyle><color>ff0000ff</color></LineStyle><PolyStyle><fill>0</fill></PolyStyle></Style>
	<ExtendedData><SchemaData schemaUrl="#zones_inondables">
		<SimpleData name="OBJECTID_1">3</SimpleData>
		<SimpleData name="Shape_Leng">443.69623048600</SimpleData>
		<SimpleData name="Superficie">0.95133800000</SimpleData>
		<SimpleData name="Shape_Le_1">443.69623048600</SimpleData>
		<SimpleData name="Shape_Area">9513.38378506000</SimpleData>
	</SchemaData></ExtendedData>
      <MultiGeometry><Polygon><outerBoundaryIs><LinearRing><coordinates>-17.2489239446254,14.727692543472,0 -17.2488988503438,14.727671066351,0 -17.2488747690101,14.7276418144144,0 -17.2488518364268,14.727607437311,0 -17.2488301930456,14.7275705855484,0 -17.2488099746753,14.7275339096792,0 -17.2487912433983,14.7274995703539,0 -17.2487737608455,14.7274677704735,0 -17.2487572093626,14.7274382239939,0 -17.2487412749994,14.7274106439312,0 -17.2487256391741,14.72738474425,0 -17.2487099888654,14.7273602379574,0 -17.2486940064108,14.7273368381052,0 -17.2486773760232,14.7273142595339,0 -17.248659842912,14.7272922806424,0 -17.2486413926325,14.7272709413263,0 -17.2486220699352,14.7272503504783,0 -17.2486019213991,14.7272306142626,0 -17.2485809926752,14.7272118388524,0 -17.248559330361,14.7271941322191,0 -17.2485369782413,14.7271775996506,0 -17.2485139838511,14.7271623500125,0 -17.248490428775,14.7271484629266,0 -17.2484665393373,14.7271359190272,0 -17.2484425796435,14.7271246714753,0 -17.2484188110143,14.7271146734593,0 -17.2483954975832,14.727105880851,0 -17.2483729015805,14.727098245023,0 -17.2483512862115,14.7270917218562,0 -17.2483309155726,14.727086263609,0 -17.2483119403708,14.7270818100881,0 -17.2482940752272,14.7270782348604,0 -17.2482769222925,14.727075398129,0 -17.248260083699,14.7270731582896,0 -17.2482431625352,14.7270713764394,0 -17.2482257618525,14.7270699100613,0 -17.2482074838019,14.7270686193578,0 -17.2481879314534,14.7270673636186,0 -17.2481668563834,14.7270659988838,0 -17.2481446088448,14.7270643690537,0 -17.2481216903538,14.7270623120419,0 -17.2480985987415,14.7270596685083,0 -17.2480758355428,14.7270562781739,0 -17.2480539004363,14.7270519807775,0 -17.2480332921721,14.7270466160675,0 -17.2480145113572,14.7270400237741,0 -17.2479979205901,14.7270320747849,0 -17.2479833258326,14.7270227682742,0 -17.2479703996703,14.7270121336248,0 -17.2479588100567,14.7270002011679,0 -17.2479482268018,14.7269870012165,0 -17.2479383215539,14.7269725622588,0 -17.2479287622757,14.726956915529,0 -17.247919220634,14.726940091322,0 -17.2479094462804,14.7269221200787,0 -17.2478995147764,14.7269030372065,0 -17.2478895797054,14.7268828818729,0 -17.2478797983265,14.7268616895956,0 -17.2478703251421,14.7268394986295,0 -17.2478613155733,14.7268163463173,0 -17.2478529250318,14.7267922690982,0 -17.247845309867,14.726767304306,0 -17.2478386651079,14.7267415494353,0 -17.2478333525069,14.7267153361846,0 -17.2478297743338,14.7266890545885,0 -17.2478283338237,14.7266630982862,0 -17.2478294313895,14.7266378573305,0 -17.2478334711665,14.7266137226413,0 -17.2478408554423,14.7265910860599,0 -17.2478519846481,14.7265703394455,0 -17.2478671119913,14.7265518218747,0 -17.2478858832741,14.7265356668954,0 -17.2479077924527,14.7265219571254,0 -17.2479323353401,14.7265107751642,0 -17.2479590077311,14.7265022018045,0 -17.2479873045204,14.7264963205586,0 -17.2480167196561,14.7264932131409,0 -17.2480467498714,14.7264929612392,0 -17.2480769841624,14.7264955905297,0 -17.2481073972483,14.726500898866,0 -17.2481380579583,14.7265086271686,0 -17.2481690341837,14.7265185154633,0 -17.2482003956819,14.7265303046618,0 -17.2482322103625,14.7265437365967,0 -17.2482645479732,14.726558551276,0 -17.2482974773333,14.7265744887166,0 -17.2483310151115,14.7265912731783,0 -17.2483649673609,14.7266085505523,0 -17.2483990889028,14.7266259500602,0 -17.248433136415,14.726643100906,0 -17.2484668619427,14.7266596332424,0 -17.2485000230726,14.7266751744577,0 -17.2485323718402,14.7266893538016,0 -17.2485636649312,14.7267018013821,0 -17.2485937535641,14.7267123126394,0 -17.2486228820151,14.7267213514246,0 -17.2486513909781,14.7267295496126,0 -17.248679621138,14.7267375381749,0 -17.2487079141085,14.7267459480737,0 -17.2487366105752,14.7267554102799,0 -17.2487660521618,14.7267665566585,0 -17.2487965786265,14.7267800181892,0 -17.2488284336443,14.7267962903509,0 -17.2488614653791,14.7268153231167,0 -17.2488954259199,14.7268369318632,0 -17.2489300654717,14.7268609292747,0 -17.2489651352136,14.7268871325438,0 -17.2490003853502,14.7269153543552,0 -17.2490355670324,14.7269454091917,0 -17.2490704314203,14.7269771124397,0 -17.2491046561079,14.7270102576122,0 -17.2491376263562,14.727044557938,0 -17.2491686566633,14.7270797065528,0 -17.2491970596421,14.7271153939004,0 -17.2492221488796,14.727151314933,0 -17.2492432369875,14.7271871600951,0 -17.2492596375424,14.727222623436,0 -17.2492706641015,14.727257397198,0 -17.2492758335049,14.7272912610977,0 -17.2492754859256,14.727324343746,0 -17.2492701657853,14.7273568648325,0 -17.2492604146749,14.7273890395561,0 -17.2492467788642,14.7274210866842,0 -17.2492298008915,14.7274532232133,0 -17.2492100242144,14.7274856652275,0 -17.2491879941751,14.727518631503,0 -17.2491642699334,14.7275520587794,0 -17.2491394734189,14.7275847628048,0 -17.2491142431919,14.7276152799738,0 -17.2490892178043,14.7276421457776,0 -17.2490650339528,14.7276638957257,0 -17.2490423311378,14.7276790671076,0 -17.2490217479045,14.7276861945116,0 -17.2490039209604,14.7276838143511,0 -17.2489766176009,14.7277015675539,0 -17.2489499132381,14.7277035934456,0 -17.2489239446254,14.727692543472,0</coordinates></LinearRing></outerBoundaryIs></Polygon></MultiGeometry>
  </Placemark>
  <Placemark id="zones_inondables.4">
	<Style><LineStyle><color>ff0000ff</color></LineStyle><PolyStyle><fill>0</fill></PolyStyle></Style>
	<ExtendedData><SchemaData schemaUrl="#zones_inondables">
		<SimpleData name="OBJECTID_1">4</SimpleData>
		<SimpleData name="Shape_Leng">8354.71328876000</SimpleData>
		<SimpleData name="Superficie">15.26900000000</SimpleData>
		<SimpleData name="Shape_Le_1">8354.71328876000</SimpleData>
		<SimpleData name="Shape_Area">152689.55953900001</SimpleData>
	</SchemaData></ExtendedData>
      <MultiGeometry><Polygon><outerBoundaryIs><LinearRing><coordinates>-17.2489034466337,14.7278406538417,0 -17.2488800252593,14.7278313934103,0 -17.2488618901047,14.7278223183386,0 -17.2488482551541,14.727813459757,0 -17.2488383343918,14.7278048487956,0 -17.2488313418025,14.7277965165839,0 -17.2488264895048,14.7277884933661,0 -17.2488229924116,14.7277808102623,0 -17.2488201472085,14.7277735057298,0 -17.2488175776331,14.7277666439614,0 -17.2488149938465,14.7277602973453,0 -17.2488121041435,14.7277545373844,0 -17.248808616838,14.7277494373885,0 -17.2488042411532,14.7277450688512,0 -17.2487986844559,14.7277415032845,0 -17.2487916559789,14.7277388130855,0 -17.2487829627873,14.7277370145851,0 -17.2487728014671,14.7277359043851,0 -17.2487614673468,14.7277352212052,0 -17.2487492576113,14.7277347037471,0 -17.2487364666978,14.7277340943534,0 -17.248723390854,14.7277331308314,0 -17.2487103244988,14.7277315537169,0 -17.2486975648266,14.7277291026153,0 -17.2486853546803,14.7277255583191,0 -17.2486737287048,14.7277208590513,0 -17.248662669059,14.7277149851078,0 -17.2486521588207,14.7277079158716,0 -17.2486421810772,14.7276996316294,0 -17.2486327170405,14.727690110879,0 -17.2486237516637,14.7276793347923,0 -17.2486152652212,14.7276672809728,0 -17.2486072449582,14.7276539730363,0 -17.2485996826003,14.7276395999017,0 -17.24859257495,14.7276243929049,0 -17.2485859188192,14.7276085842852,0 -17.2485797100728,14.727592404484,0 -17.2485739446127,14.7275760875563,0 -17.2485686192227,14.7275598630312,0 -17.2485637288673,14.7275439640694,0 -17.2485592272586,14.7275285844769,0 -17.2485548939193,14.7275137706689,0 -17.2485504671199,14.7274995297057,0 -17.2485456823835,14.7274858722884,0 -17.2485402761334,14.727472806399,0 -17.2485339866497,14.7274603400012,0 -17.2485265494369,14.7274484819891,0 -17.2485177018561,14.7274372412388,0 -17.2485072352016,14.7274266351378,0 -17.2484951583189,14.7274167114872,0 -17.2484815349429,14.7274075293007,0 -17.2484664269147,14.7273991439966,0 -17.2484498988972,14.7273916145796,0 -17.2484320136597,14.7273849964586,0 -17.2484128340177,14.7273793495601,0 -17.2483924245876,14.7273747283716,0 -17.2483709016083,14.7273711516414,0 -17.2483486015008,14.7273684724392,0 -17.2483259132001,14.727366504473,0 -17.2483032274883,14.7273650605291,0 -17.2482809342196,14.7273639534033,0 -17.2482594223475,14.7273629986107,0 -17.2482390826361,14.7273620071312,0 -17.2482203049581,14.7273607935679,0 -17.2482033322196,14.7273592353915,0 -17.2481878204895,14.7273574714734,0 -17.2481732807264,14.7273557035344,0 -17.2481592229882,14.7273541360148,0 -17.2481451563768,14.7273529706532,0 -17.2481305909315,14.7273524100826,0 -17.2481150376292,14.7273526578306,0 -17.24809800559,14.7273539174422,0 -17.2480791582715,14.727356324102,0 -17.2480587709673,14.7273597450267,0 -17.2480372714892,14.7273639827046,0 -17.2480150885586,14.7273688378078,0 -17.2479926499599,14.7273741101145,0 -17.247970383505,14.7273796021132,0 -17.2479487188443,14.7273851144675,0 -17.2479280828432,14.7273904478684,0 -17.2479088226372,14.7273954137203,0 -17.2478909562105,14.7273998645726,0 -17.2478744199511,14.7274036628026,0 -17.2478591502563,14.7274066716912,0 -17.2478450844331,14.7274087527031,0 -17.2478321570225,14.727409769137,0 -17.2478203062781,14.7274095842555,0 -17.2478094676413,14.7274080586378,0 -17.247799615215,14.7274051112175,0 -17.2477908682714,14.727400875463,0 -17.2477833847165,14.7273955404866,0 -17.2477773224564,14.7273892954008,0 -17.2477728384593,14.7273823284235,0 -17.2477700896936,14.7273748277726,0 -17.2477692340649,14.7273669825605,0 -17.2477704294883,14.7273589828029,0 -17.2477737330129,14.7273509598618,0 -17.2477788104587,14.7273428266292,0 -17.2477852258797,14.7273344400625,0 -17.2477925451585,14.7273256543909,0 -17.2478003332867,14.7273163274664,0 -17.2478081570847,14.7273063144126,0 -17.2478155796874,14.7272954730998,0 -17.2478221669779,14.7272836577571,0 -17.2478275701651,14.7272708049105,0 -17.2478317778722,14.7272571631425,0 -17.2478348640114,14.7272430597184,0 -17.247836902504,14.7272288228067,0 -17.2478379672715,14.7272147805761,0 -17.2478381322166,14.7272012593884,0 -17.2478374712698,14.7271885883156,0 -17.2478360592808,14.7271770955173,0 -17.2478339803373,14.7271670141922,0 -17.2478313667597,14.7271582111394,0 -17.2478283610533,14.7271504599946,0 -17.2478251084806,14.7271435316565,0 -17.2478217496902,14.7271371997791,0 -17.2478184299727,14.7271312379713,0 -17.2478152918146,14.7271254180621,0 -17.2478124786498,14.7271195136786,0 -17.2478100960099,14.7271133141759,0 -17.2478081062468,14.7271066789682,0 -17.247806432873,14.7270994823036,0 -17.2478049994194,14.7270916002369,0 -17.2478037294077,14.7270829079196,0 -17.2478025482255,14.7270732813885,0 -17.2478013793944,14.727062595795,0 -17.2478001464363,14.7270507262905,0 -17.2477987765788,14.7270374567336,0 -17.2477972090511,14.7270222022239,0 -17.2477953858509,14.7270042856739,0 -17.2477932489944,14.726983031803,0 -17.2477907404796,14.7269577635234,0 -17.2477878022953,14.7269278028441,0 -17.2477843764581,14.7268924744842,0 -17.2477804040385,14.7268511013651,0 -17.2477757835626,14.726803474852,0 -17.2477702313214,14.7267512611068,0 -17.2477634182491,14.7266965920522,0 -17.2477550171733,14.7266416032066,0 -17.2477446999557,14.7265884264835,0 -17.2477321366199,14.7265391956213,0 -17.247717000911,14.7264960452259,0 -17.2476989628416,14.726461108132,0 -17.2476778627943,14.7264359300296,0 -17.2476542069011,14.7264197127003,0 -17.2476286697806,14.7264110680881,0 -17.247601925133,14.7264086090503,0 -17.2475746475776,14.7264109475317,0 -17.2475475108343,14.7264166981965,0 -17.2475211895332,14.7264244738934,0 -17.2474963582869,14.7264328856645,0 -17.2474735681208,14.7264408050662,0 -17.247452887545,14.7264481230099,0 -17.2474342596249,14.7264549909391,0 -17.2474176301738,14.7264615566565,0 -17.2474029431665,14.7264679697898,0 -17.2473901444348,14.7264743799485,0 -17.2473791779627,14.7264809376634,0 -17.2473699886258,14.7264877898428,0 -17.2473625053148,14.726495063672,0 -17.2473565909132,14.726502786685,0 -17.2473520922553,14.7265109603691,0 -17.2473488562027,14.7265195889217,0 -17.2473467296083,14.7265286756369,0 -17.2473455593152,14.7265382229052,0 -17.2473451921855,14.7265482349242,0 -17.2473454750716,14.7265587149878,0 -17.2473462554211,14.7265696338569,0 -17.2473473840539,14.7265808384756,0 -17.2473487133228,14.7265921441492,0 -17.2473500937142,14.7266033652977,0 -17.2473513785183,14.7266143181209,0 -17.2473524191499,14.7266248170297,0 -17.2473530661047,14.7266346773476,0 -17.2473531717352,14.72664371438,0 -17.2473526352151,14.7266517827333,0 -17.2473515421127,14.7266588978402,0 -17.2473500238989,14.7266651153469,0 -17.24734821482,14.7266704899692,0 -17.2473462463469,14.7266750773533,0 -17.2473442518069,14.7266789331274,0 -17.2473423635901,14.7266821120251,0 -17.2473407140862,14.7266846687802,0 -17.2473393808704,14.7266866541411,0 -17.2473382221474,14.7266880920728,0 -17.2473370385316,14.7266890034854,0 -17.2473356333943,14.7266894065517,0 -17.2473338082782,14.7266893221727,0 -17.2473313665639,14.7266887694247,0 -17.2473281097756,14.7266877674018,0 -17.2473238394466,14.7266863361016,0 -17.2473184170759,14.7266845491515,0 -17.2473119310655,14.7266826984385,0 -17.2473045307209,14.7266811303736,0 -17.2472963634906,14.7266801913862,0 -17.2472875768138,14.726680227002,0 -17.2472783181483,14.7266815845536,0 -17.2472687367899,14.726684609549,0 -17.2472589792585,14.7266896484265,0 -17.2472491549454,14.7266969576313,0 -17.2472392181908,14.7267064300863,0 -17.2472290815647,14.7267178687661,0 -17.2472186623064,14.7267310793108,0 -17.2472078729672,14.7267458628881,0 -17.2471966289298,14.7267620251561,0 -17.2471848455304,14.7267793672555,0 -17.247172436286,14.7267976939587,0 -17.2471593506939,14.7268167880043,0 -17.247145674776,14.7268363467762,0 -17.2471315287152,14.7268560492564,0 -17.2471170345236,14.7268755716982,0 -17.2471023105279,14.7268945931015,0 -17.247087477812,14.7269127897288,0 -17.2470726574877,14.726929840553,0 -17.2470579697016,14.726945420942,0 -17.2470435168126,14.7269592823337,0 -17.2470293372417,14.7269714595928,0 -17.247015447872,14.7269820600763,0 -17.2470018692901,14.7269911902012,0 -17.246988621164,14.7269989572974,0 -17.2469757203766,14.7270054687216,0 -17.2469631884521,14.7270108317856,0 -17.24695104413,14.7270151538282,0 -17.2469393502905,14.7270185011005,0 -17.2469283482522,14.7270207772923,0 -17.2469183244308,14.7270218477071,0 -17.2469095633667,14.7270215758598,0 -17.2469023505288,14.727019825256,0 -17.2468969723141,14.7270164593925,0 -17.2468937142005,14.7270113426785,0 -17.2468928607283,14.7270043386287,0 -17.2468946115172,14.7269953585661,0 -17.2468988180858,14.7269844988031,0 -17.2469052451848,14.7269719043819,0 -17.2469136565998,14.7269577167398,0 -17.2469238189471,14.7269420818044,0 -17.2469354951025,14.7269251428288,0 -17.2469484507265,14.7269070430393,0 -17.2469624514982,14.7268879274689,0 -17.2469772419779,14.7268679639442,0 -17.2469924916624,14.7268474240233,0 -17.2470078526616,14.7268266038288,0 -17.247022974319,14.7268058013173,0 -17.2470375078074,14.726785311717,0 -17.2470511033805,14.7267654311685,0 -17.2470634131676,14.7267464576017,0 -17.2470740864943,14.7267286871662,0 -17.2470828219621,14.7267123324084,0 -17.2470895078653,14.7266972733392,0 -17.2470940780883,14.7266833091123,0 -17.2470964692631,14.7266702352406,0 -17.2470966152741,14.7266578508776,0 -17.247094452753,14.7266459515361,0 -17.2470899155656,14.7266343345626,0 -17.2470829394433,14.726622798189,0 -17.2470735703491,14.7266112073423,0 -17.247062295218,14.7265996982463,0 -17.2470497121352,14.7265884729076,0 -17.2470364182947,14.7265777369556,0 -17.2470230127099,14.7265676923881,0 -17.2470100916367,14.7265585439405,0 -17.2469982550257,14.7265504945053,0 -17.2469880991327,14.7265437488181,0 -17.2469801330781,14.726538433853,0 -17.246974512882,14.7265343737134,0 -17.2469713037623,14.7265313192943,0 -17.2469705709001,14.7265290178768,0 -17.2469723822797,14.7265272185218,0 -17.2469768021818,14.7265256712296,0 -17.246983897653,14.7265241241664,0 -17.2469937348212,14.7265223264109,0 -17.2470062414266,14.7265200211569,0 -17.2470207971816,14.7265169234871,0 -17.2470366425015,14.7265127444159,0 -17.247053018711,14.7265071931414,0 -17.2470691671444,14.7264999797659,0 -17.247084330064,14.7264908143825,0 -17.2470977469385,14.7264794062082,0 -17.2471086600397,14.7264654662401,0 -17.2471165008122,14.7264487750179,0 -17.2471214620678,14.726429394821,0 -17.247123927656,14.7264074583568,0 -17.2471242786605,14.7263831001665,0 -17.2471228998683,14.7263564538518,0 -17.2471201732727,14.7263276521378,0 -17.247116481804,14.7262968286442,0 -17.2471122102494,14.7262641169726,0 -17.24710770344,14.7262297378522,0 -17.2471031667708,14.7261942567086,0 -17.2470987666374,14.7261583287965,0 -17.2470946703353,14.726122606651,0 -17.2470910451879,14.7260877455178,0 -17.2470880584811,14.7260543970286,0 -17.2470858784662,14.7260232164201,0 -17.2470846724382,14.7259948562277,0 -17.2470845359045,14.7259697582563,0 -17.2470852835822,14.7259475077752,0 -17.2470866574637,14.7259274784286,0 -17.2470884004696,14.725909043852,0 -17.2470902545834,14.7258915767862,0 -17.2470919636635,14.725874451761,0 -17.2470932696842,14.7258570406139,0 -17.2470939146478,14.7258387178926,0 -17.2470937048552,14.7258189722697,0 -17.247092692774,14.7257977598661,0 -17.2470909914944,14.7257751545772,0 -17.2470887168728,14.7257512284648,0 -17.2470859838283,14.7257260526958,0 -17.2470829063793,14.725699701157,0 -17.247079600382,14.7256722459098,0 -17.2470761789173,14.7256437599463,0 -17.2470727596887,14.7256143144068,0 -17.2470694687079,14.7255839758331,0 -17.2470664319864,14.7255528107671,0 -17.2470637783022,14.7255208839168,0 -17.247061635523,14.7254882618059,0 -17.2470601296419,14.7254550091697,0 -17.247059389464,14.7254211934264,0 -17.2470595419103,14.7253868793022,0 -17.2470606768723,14.7253521418213,0 -17.2470627259051,14.7253170963971,0 -17.2470655853723,14.7252818669166,0 -17.2470691497719,14.7252465763811,0 -17.2470733126924,14.7252113496077,0 -17.2470779695787,14.7251763113959,0 -17.247083014929,14.7251415847468,0 -17.2470883432601,14.7251072944689,0 -17.2470938625593,14.7250735209662,0 -17.2470995375176,14.725040170614,0 -17.2471053435394,14.7250071081207,0 -17.2471112578668,14.72497419637,0 -17.2471172577517,14.7249412991488,0 -17.2471233195174,14.7249082802532,0 -17.2471294194779,14.7248750025759,0 -17.2471355358133,14.7248413298948,0 -17.2471416364346,14.72480721102,0 -17.2471476601982,14.724772930255,0 -17.247153537576,14.7247388596276,0 -17.2471591980652,14.7247053666574,0 -17.247164572138,14.7246728233721,0 -17.2471695902478,14.7246415999927,0 -17.2471741837578,14.7246120649243,0 -17.2471782822026,14.7245845893001,0 -17.247181867151,14.7245593675591,0 -17.2471851302118,14.7245358918618,0 -17.2471883141089,14.7245134785865,0 -17.247191661566,14.7244914441117,0 -17.2471954143695,14.7244691039214,0 -17.2471998152613,14.724445776201,0 -17.2472051078839,14.7244207764164,0 -17.2472115340232,14.7243934200516,0 -17.2472192504756,14.7243632447816,0 -17.2472280720585,14.724330660802,0 -17.2472377285907,14.7242962995957,0 -17.2472479471068,14.7242607926728,0 -17.2472584583358,14.7242247697004,0 -17.247268989322,14.7241888630921,0 -17.2472792698667,14.7241537025241,0 -17.247289028871,14.724119920392,0 -17.2472980589282,14.7240880228816,0 -17.2473064029241,14.7240580276474,0 -17.2473141693117,14.724029827923,0 -17.2473214656154,14.7240033169511,0 -17.2473284002692,14.7239783861582,0 -17.2473350808252,14.7239549314975,0 -17.2473416138608,14.7239328444136,0 -17.2473481069096,14.7239120190526,0 -17.2473546322978,14.7238922658735,0 -17.2473611077203,14.7238730724675,0 -17.2473674175121,14.7238538418174,0 -17.2473734432328,14.7238339778363,0 -17.2473790673885,14.7238128862354,0 -17.2473841733955,14.7237899709098,0 -17.2473886437324,14.7237646348603,0 -17.2473923599774,14.7237362838071,0 -17.2473951981993,14.7237045105554,0 -17.2473970004727,14.7236696672098,0 -17.2473975996773,14.7236322957066,0 -17.2473968314687,14.7235929370513,0 -17.2473945305744,14.7235521322587,0 -17.2473905298745,14.7235104232647,0 -17.2473846650158,14.7234683501713,0 -17.2473767688969,14.7234264567215,0 -17.2473667251961,14.7233851687053,0 -17.2473546051685,14.723344463746,0 -17.2473405308766,14.7233042042243,0 -17.2473246215975,14.7232642525481,0 -17.2473069994119,14.7232244729052,0 -17.2472877836065,14.7231847286069,0 -17.2472670962247,14.7231448802272,0 -17.2472450556524,14.7231047937969,0 -17.2472218295177,14.7230644297397,0 -17.2471977585396,14.7230241515835,0 -17.2471732317876,14.7229844208719,0 -17.2471486355643,14.722945700983,0 -17.2471243570814,14.722908453479,0 -17.2471007844879,14.7228731408169,0 -17.2470783050039,14.722840225463,0 -17.2470573049117,14.7228101689892,0 -17.2470380805376,14.722783351619,0 -17.2470205562068,14.7227598174572,0 -17.2470045635318,14.7227395319973,0 -17.2469899350169,14.7227224571098,0 -17.2469765031662,14.7227085546651,0 -17.2469640995839,14.7226977892529,0 -17.2469525577121,14.722690123638,0 -17.246941708199,14.7226855197086,0 -17.2469313405002,14.7226838150648,0 -17.2469210754397,14.7226843357353,0 -17.2469104889264,14.722686282593,0 -17.2468991577979,14.7226888565019,0 -17.246886657035,14.7226912583437,0 -17.2468725653227,14.7226926880608,0 -17.2468564585614,14.7226923456222,0 -17.2468379126703,14.7226894328037,0 -17.2468167700306,14.7226833349231,0 -17.2467939306275,14.7226741823902,0 -17.2467705600165,14.7226622927801,0 -17.2467478227876,14.7226479800637,0 -17.246726884505,14.7226315627208,0 -17.2467089106953,14.7226133556177,0 -17.2466950659749,14.7225936754371,0 -17.2466865158877,14.7225728388526,0 -17.2466839858231,14.7225511514492,0 -17.2466864434228,14.72252888256,0 -17.2466924171129,14.722506291323,0 -17.246700432535,14.7224836369035,0 -17.2467090190443,14.7224611784303,0 -17.246716705078,14.7224391759454,0 -17.2467220162611,14.7224178868069,0 -17.2467234819694,14.7223975719511,0 -17.2467201215836,14.7223783854596,0 -17.2467129304412,14.722360069201,0 -17.2467033929555,14.7223422581986,0 -17.2466929954237,14.7223245901681,0 -17.2466832250523,14.7223067010096,0 -17.2466755681194,14.7222882266326,0 -17.2466715100019,14.722268805666,0 -17.2466725378958,14.7222480731073,0 -17.2466797159008,14.7222257773868,0 -17.2466924249239,14.7222021115435,0 -17.246709623668,14.7221773784268,0 -17.2467302699452,14.7221518845089,0 -17.246753323369,14.7221259308233,0 -17.24677774269,14.7220998247368,0 -17.2468024856667,14.7220738673016,0 -17.2468265119699,14.7220483649728,0 -17.2468489656435,14.7220235880822,0 -17.2468697302523,14.7219996796153,0 -17.2468888746893,14.721976749135,0 -17.2469064687851,14.7219549070989,0 -17.2469225814232,14.7219342621666,0 -17.246937281515,14.7219149257078,0 -17.2469506388816,14.7218970072765,0 -17.2469627214968,14.721880617348,0 -17.2469735175806,14.7218657840463,0 -17.2469826853198,14.7218522179434,0 -17.2469897985064,14.721839547305,0 -17.246994434673,14.7218274030712,0 -17.2469961694589,14.7218154125862,0 -17.2469945776121,14.721803206817,0 -17.2469892347721,14.7217904131076,0 -17.2469797184718,14.7217766623974,0 -17.2469657717471,14.7217617918326,0 -17.2469478156,14.7217464803993,0 -17.2469264402566,14.721731614158,0 -17.2469022331675,14.7217180800996,0 -17.246875785495,14.7217067651794,0 -17.2468476865542,14.7216985572743,0 -17.2468185256497,14.7216943433582,0 -17.2467888911482,14.7216950095109,0 -17.2467592865207,14.7217010387559,0 -17.2467298625213,14.7217112884656,0 -17.2467006850282,14.7217242147624,0 -17.2466718189643,14.7217382710675,0 -17.246643327406,14.7217519117233,0 -17.2466152771435,14.7217635910363,0 -17.2465877312456,14.7217717624454,0 -17.2465607565039,14.7217748802568,0 -17.2465343713966,14.7217719386561,0 -17.2465084252701,14.7217640902093,0 -17.2464827209937,14.7217530255369,0 -17.2464570614639,14.7217404379697,0 -17.2464312504858,14.7217280190227,0 -17.246405091864,14.721717460211,0 -17.2463783884737,14.7217104530586,0 -17.2463509441362,14.7217086908874,0 -17.2463226365372,14.7217134651331,0 -17.2462936416729,14.7217244659825,0 -17.2462642094513,14.7217409862533,0 -17.2462345897718,14.7217623178599,0 -17.2462050315872,14.7217877509189,0 -17.2461757847978,14.7218165773446,0 -17.2461471011609,14.7218480890338,0 -17.246119227793,14.7218815779278,0 -17.2460923624251,14.7219164087304,0 -17.2460664840435,14.7219522518552,0 -17.2460415176071,14.7219888505228,0 -17.2460173871282,14.7220259461557,0 -17.2459940185221,14.7220632846759,0 -17.2459713367293,14.7221006074967,0 -17.2459492657902,14.7221376587512,0 -17.2459277325203,14.7221741816416,0 -17.2459067023401,14.7222099723043,0 -17.2458863061349,14.7222450294698,0 -17.2458667152604,14.7222794056882,0 -17.2458481029199,14.7223131525881,0 -17.245830639541,14.7223463227287,0 -17.2458144983179,14.7223789668352,0 -17.2457998506065,14.7224111374578,0 -17.2457868696197,14.7224428871287,0 -17.2457756996739,14.7224742569144,0 -17.2457663834884,14.7225052482078,0 -17.2457589376988,14.7225358536192,0 -17.2457533770658,14.7225660639703,0 -17.2457497172964,14.7225958718804,0 -17.2457479750171,14.7226252690565,0 -17.2457481668448,14.7226542463018,0 -17.2457503075492,14.7226827953414,0 -17.2457542901124,14.7227108910104,0 -17.2457595146853,14.7227384297995,0 -17.2457652577835,14.7227652922314,0 -17.2457707977697,14.7227913579074,0 -17.2457754102213,14.722816506456,0 -17.2457783725719,14.7228406174879,0 -17.245778962264,14.7228635715171,0 -17.2457764557841,14.7228852463563,0 -17.2457703148425,14.7229055668125,0 -17.245760743718,14.7229246275821,0 -17.2457481290925,14.7229425667693,0 -17.2457328595225,14.7229595242666,0 -17.2457153235467,14.72297563816,0 -17.2456959087753,14.7229910465444,0 -17.2456750028282,14.7230058884181,0 -17.2456529942534,14.7230203027705,0 -17.245630262958,14.7230344006655,0 -17.2456071543861,14.7230481914017,0 -17.2455840071789,14.7230616545271,0 -17.2455611581395,14.7230747714149,0 -17.2455389440714,14.7230875234382,0 -17.2455177045534,14.7230998910399,0 -17.2454977754516,14.723111854699,0 -17.2454794945071,14.7231233966834,0 -17.2454630751566,14.7231345085986,0 -17.2454482309828,14.7231452338819,0 -17.2454345503169,14.7231556235104,0 -17.2454216215363,14.7231657329778,0 -17.2454090329906,14.7231756150679,0 -17.2453963739666,14.7231853234586,0 -17.2453832328231,14.7231949118367,0 -17.2453691988468,14.7232044338799,0 -17.2453539641306,14.7232139196805,0 -17.245337634833,14.7232233103824,0 -17.2453204227221,14.7232325253238,0 -17.24530253861,14.7232414811419,0 -17.245284193346,14.7232500980874,0 -17.2452655986798,14.723258293692,0 -17.2452469635765,14.7232659855143,0 -17.2452285016611,14.7232730928749,0 -17.245210392777,14.7232795905377,0 -17.2451927048384,14.7232856739116,0 -17.2451754766564,14.7232915974173,0 -17.2451587470325,14.7232976145724,0 -17.2451425538306,14.7233039779999,0 -17.2451269358522,14.7233109412174,0 -17.2451119309706,14.7233187577512,0 -17.2450975788967,14.723327679303,0 -17.2450838993487,14.7233379089775,0 -17.2450708476956,14.7233494399792,0 -17.2450583602232,14.7233622150998,0 -17.2450463741456,14.723376177122,0 -17.2450348248205,14.7233912688464,0 -17.2450236503716,14.7234074312397,0 -17.2450127880316,14.7234246088913,0 -17.2450021731396,14.7234427427951,0 -17.2449917287637,14.7234617541858,0 -17.244981319587,14.7234814835462,0 -17.2449707952091,14.7235017489169,0 -17.2449600070676,14.7235223665136,0 -17.2449488047713,14.7235431552804,0 -17.2449370388572,14.7235639341521,0 -17.2449245589154,14.7235845202659,0 -17.2449112154829,14.7236047325566,0 -17.244896928837,14.7236244010288,0 -17.2448819039154,14.7236434125602,0 -17.2448664144683,14.7236616651072,0 -17.2448507361301,14.7236790593185,0 -17.2448351417228,14.7236954931596,0 -17.2448199068719,14.7237108663761,0 -17.2448053053371,14.7237250778278,0 -17.2447916118066,14.7237380263661,0 -17.244779036443,14.723749655741,0 -17.2447675312968,14.7237600883949,0 -17.2447569829554,14.7237694907748,0 -17.244747279872,14.7237780302131,0 -17.2447383095621,14.7237858731477,0 -17.244729958622,14.7237931869289,0 -17.2447221136297,14.7238001371002,0 -17.2447146639755,14.7238068918883,0 -17.2447075059674,14.7238135697584,0 -17.2447005813498,14.7238201026066,0 -17.2446938406597,14.7238263743563,0 -17.2446872353626,14.723832268922,0 -17.2446807169237,14.723837670218,0 -17.2446742349518,14.7238424621768,0 -17.2446677418498,14.7238465296072,0 -17.2446611890831,14.7238497564235,0 -17.2446545699816,14.7238520351697,0 -17.2446480574567,14.723853298211,0 -17.2446418625806,14.7238534874816,0 -17.2446362019766,14.7238525430548,0 -17.2446312895016,14.7238504068379,0 -17.2446273380844,14.7238470207472,0 -17.2446245625008,14.7238423257775,0 -17.2446231765893,14.7238362620292,0 -17.2446233428062,14.7238288288306,0 -17.244625006811,14.7238202498823,0 -17.2446280656661,14.7238108080855,0 -17.2446324126838,14.723800782764,0 -17.2446379439982,14.723790456828,0 -17.2446445529402,14.7237801114081,0 -17.2446521356253,14.7237700276077,0 -17.2446605863128,14.7237604865482,0 -17.2446697178922,14.7237517105067,0 -17.2446790130494,14.7237436782964,0 -17.2446878740476,14.7237363116841,0 -17.2446957022031,14.7237295306386,0 -17.2447018979135,14.7237232560415,0 -17.2447058634142,14.7237174069494,0 -17.2447069991122,14.7237119051471,0 -17.2447047063146,14.7237066697001,0 -17.2446985852281,14.7237016421407,0 -17.2446890296237,14.7236968367213,0 -17.2446766321809,14.7236922910646,0 -17.244661986489,14.7236880409774,0 -17.2446456833521,14.7236841222937,0 -17.2446283163687,14.7236805717239,0 -17.2446104791092,14.7236774232685,0 -17.2445927623964,14.7236747145686,0 -17.2445756719479,14.723672513004,0 -17.2445593573745,14.7236710140953,0 -17.2445438794871,14.7236704449444,0 -17.2445293018816,14.7236710326259,0 -17.2445156844407,14.7236730042508,0 -17.2445030898504,14.7236765887097,0 -17.2444915798314,14.7236820112885,0 -17.2444812161415,14.7236895008871,0 -17.2444720221872,14.72369916751,0 -17.2444638681268,14.7237106609405,0 -17.2444565848483,14.7237235129794,0 -17.2444500051149,14.7237372572161,0 -17.2444439598147,14.7237514254512,0 -17.2444382817015,14.7237655503708,0 -17.2444328007538,14.7237791655913,0 -17.2444273506443,14.7237918028863,0 -17.244421812717,14.723803116448,0 -17.2444162691369,14.7238132428175,0 -17.2444108534346,14.7238224391117,0 -17.2444056982124,14.7238309624563,0 -17.244400936082,14.7238390708808,0 -17.2443967005647,14.7238470205986,0 -17.2443931252005,14.7238550696301,0 -17.2443903416633,14.7238634751102,0 -17.2443884261197,14.723872422429,0 -17.2443872215386,14.7238818073951,0 -17.244386513534,14.7238914549939,0 -17.2443860886389,14.723901189298,0 -17.2443857324486,14.723910833486,0 -17.2443852296487,14.723920212552,0 -17.2443843677003,14.72392915056,0 -17.2443829312798,14.7239374716006,0 -17.2443807500456,14.7239450408915,0 -17.2443778298817,14.7239518890956,0 -17.2443742197886,14.7239580871174,0 -17.2443699697135,14.723963707659,0 -17.2443651286569,14.7239688216248,0 -17.2443597465569,14.7239735008135,0 -17.2443538724232,14.7239778170329,0 -17.2443475552655,14.7239818420907,0 -17.2443408507395,14.7239856621867,0 -17.244333838401,14.7239894310546,0 -17.2443266034957,14.7239933141185,0 -17.2443192313062,14.7239974804165,0 -17.2443118080249,14.7240020971709,0 -17.2443044189159,14.7240073316128,0 -17.2442971492526,14.7240133518768,0 -17.244290084299,14.7240203251943,0 -17.2442832622216,14.7240283523914,0 -17.2442765318395,14.7240372659723,0 -17.2442696948746,14.7240468320362,0 -17.2442625521199,14.7240568166912,0 -17.2442549052972,14.7240669860365,0 -17.2442465551904,14.7240771052767,0 -17.2442373044494,14.7240869405018,0 -17.2442269538766,14.7240962587232,0 -17.2442153836398,14.7241048713599,0 -17.2442027970951,14.7241127827651,0 -17.2441894732507,14.7241200417354,0 -17.2441756939274,14.724126699751,0 -17.2441617409277,14.724132806485,0 -17.2441478951164,14.7241384107164,0 -17.2441344364673,14.7241435648468,0 -17.2441216467643,14.7241483167428,0 -17.2441097630865,14.7241527002478,0 -17.2440988435545,14.7241566795606,0 -17.2440889033759,14.7241601985146,0 -17.2440799568668,14.724163204566,0 -17.2440720183343,14.7241656442676,0 -17.2440651020668,14.7241674623651,0 -17.2440592232902,14.724168604499,0 -17.2440543963208,14.7241690181253,0 -17.2440506227193,14.7241686743159,0 -17.2440478503139,14.7241676458594,0 -17.2440460151612,14.7241660345717,0 -17.2440450523617,14.7241639395677,0 -17.2440448979533,14.7241614608562,0 -17.2440454879556,14.7241586966395,0 -17.2440467565684,14.7241557487515,0 -17.2440486407489,14.7241527162887,0 -17.2440510856606,14.7241496838118,0 -17.2440540831893,14.7241466748912,0 -17.2440576371221,14.7241436967185,0 -17.2440617484797,14.7241407583192,0 -17.2440664210584,14.7241378677883,0 -17.2440716567886,14.7241350323353,0 -17.2440774585569,14.7241322618711,0 -17.2440838282844,14.7241295627018,0 -17.2440907436557,14.7241269314295,0 -17.2440980796629,14.724124308729,0 -17.2441056852051,14.7241216255892,0 -17.2441134101002,14.7241188120864,0 -17.24412110321,14.7241157955958,0 -17.2441286134429,14.7241125080097,0 -17.2441357915172,14.7241088766851,0 -17.2441424854129,14.7241048335235,0 -17.2441485971347,14.7241003279734,0 -17.2441542384817,14.7240953987065,0 -17.2441595716295,14.7240901083019,0 -17.2441647605641,14.7240845148033,0 -17.244169970255,14.7240786816663,0 -17.2441753619033,14.7240726669615,0 -17.2441810995319,14.7240665323464,0 -17.2441873471541,14.7240603385751,0 -17.244194207259,14.7240541216991,0 -17.2442015353264,14.7240478207752,0 -17.2442091281058,14.7240413510342,0 -17.2442167795616,14.724034627734,0 -17.2442242873532,14.7240275642895,0 -17.2442314445352,14.7240200777743,0 -17.2442380487577,14.7240120807002,0 -17.2442438930662,14.7240034892373,0 -17.2442488478766,14.7239942504298,0 -17.2442530726813,14.7239844368215,0 -17.2442568006297,14.7239741518661,0 -17.2442602649083,14.723963502631,0 -17.2442636977288,14.7239525916751,0 -17.2442673331965,14.7239415251535,0 -17.2442714035419,14.7239304074321,0 -17.2442761419324,14.7239193437714,0 -17.2442817043878,14.7239084302408,0 -17.244287930983,14.7238977334452,0 -17.244294586529,14.723887313491,0 -17.2443014330338,14.7238772287046,0 -17.2443082352901,14.7238675373854,0 -17.2443147562527,14.7238582996578,0 -17.2443207579297,14.7238495738484,0 -17.2443260060606,14.7238414200544,0 -17.2443303283575,14.7238338760877,0 -17.2443338117355,14.7238269076749,0 -17.2443366106518,14.7238204582028,0 -17.2443388768063,14.7238144737957,0 -17.2443407646562,14.7238088978405,0 -17.2443424268295,14.7238036764523,0 -17.244344016855,14.7237987530271,0 -17.2443456864141,14.7237940718822,0 -17.2443475518769,14.7237895740631,0 -17.2443495789197,14.7237851713559,0 -17.2443516941849,14.7237807714076,0 -17.2443538243245,14.7237762827686,0 -17.2443558978376,14.7237716130676,0 -17.2443578422859,14.7237666690392,0 -17.2443595843303,14.7237613601371,0 -17.2443610515235,14.7237555921925,0 -17.2443621718523,14.7237493134983,0 -17.2443628786811,14.723742634932,0 -17.2443631048346,14.7237357053247,0 -17.2443627831558,14.7237286753148,0 -17.2443618474068,14.7237216946277,0 -17.2443602322871,14.7237149138837,0 -17.2443578687741,14.7237084828353,0 -17.244354692477,14.7237025502868,0 -17.2443506978782,14.7236972120665,0 -17.2443461314755,14.7236923338684,0 -17.2443413004869,14.7236877274891,0 -17.2443365149061,14.7236832037948,0 -17.2443320819419,14.7236785736788,0 -17.2443283106596,14.7236736480164,0 -17.2443255082772,14.7236682386043,0 -17.2443239838601,14.7236621563177,0 -17.2443239822713,14.7236552885516,0 -17.2443254925768,14.7236478369005,0 -17.244328439622,14.7236400776717,0 -17.2443327492084,14.7236322898738,0 -17.2443383480562,14.7236247516027,0 -17.2443451600735,14.7236177382713,0 -17.2443531120085,14.7236115306858,0 -17.2443621286882,14.7236064033466,0 -17.2443721220678,14.7236025522709,0 -17.2443829542034,14.7235998333266,0 -17.2443944695634,14.7235980167159,0 -17.2444065182327,14.7235968771044,0 -17.2444189446704,14.7235961837912,0 -17.2444315980236,14.7235957105474,0 -17.2444443246174,14.7235952275575,0 -17.244456970823,14.7235945095232,0 -17.244469413262,14.7235933841617,0 -17.2444816470119,14.7235919147683,0 -17.2444936919048,14.7235902249353,0 -17.2445055733056,14.7235884345872,0 -17.2445173119469,14.7235866645968,0 -17.2445289304366,14.723585037626,0 -17.2445404532297,14.723583675415,0 -17.2445519001216,14.7235826979424,0 -17.2445633081654,14.7235821879743,0 -17.244574759182,14.7235820670131,0 -17.244586346671,14.7235822184998,0 -17.2445981659703,14.7235825240501,0 -17.244610310561,14.723582865298,0 -17.2446228757995,14.7235831256663,0 -17.2446359561044,14.7235831876831,0 -17.2446496449476,14.7235829320788,0 -17.2446639776715,14.7235822744819,0 -17.2446787532301,14.7235812547901,0 -17.2446937096448,14.7235799460191,0 -17.2447085858374,14.7235784184657,0 -17.2447231198478,14.7235767469528,0 -17.2447370515263,14.723575001768,0 -17.244750117966,14.7235732559366,0 -17.2447620581074,14.7235715815623,0 -17.2447726783495,14.7235700202781,0 -17.2447820446306,14.7235684838017,0 -17.2447902922316,14.7235668560724,0 -17.2447975545585,14.7235650192407,0 -17.2448039668736,14.7235628554388,0 -17.2448096616453,14.7235602459227,0 -17.2448147750828,14.7235570746226,0 -17.2448194396544,14.7235532227942,0 -17.2448237808832,14.7235486187447,0 -17.2448278871361,14.7235433700416,0 -17.2448318370409,14.7235376304272,0 -17.2448357101534,14.7235315536348,0 -17.2448395851014,14.7235252934066,0 -17.2448435414408,14.7235190034761,0 -17.2448476577901,14.723512836682,0 -17.244852012777,14.7235069467666,0 -17.2448566741985,14.7235014270402,0 -17.2448616525868,14.7234961274137,0 -17.244866949491,14.7234908364446,0 -17.244872564622,14.7234853445152,0 -17.2448784976535,14.7234794383942,0 -17.244884749234,14.7234729093582,0 -17.2448913181274,14.7234655459918,0 -17.2448982040169,14.7234571359671,0 -17.2449054026655,14.7234475374699,0 -17.2449128902677,14.7234368736119,0 -17.2449206353478,14.7234253344411,0 -17.2449286092429,14.7234131126884,0 -17.2449367832622,14.7234003983749,0 -17.2449451259396,14.7233873824516,0 -17.2449536095218,14.723374255834,0 -17.244962203471,14.7233612094641,0 -17.2449708808422,14.7233484225036,0 -17.2449796280222,14.7233360161582,0 -17.2449884341,14.7233241034759,0 -17.2449972881177,14.723312792987,0 -17.2450061772984,14.7233021968542,0 -17.2450150925503,14.7232924244933,0 -17.2450240210778,14.7232835862599,0 -17.2450329528795,14.7232757933859,0 -17.2450418643569,14.7232690985052,0 -17.2450506887743,14.7232633305931,0 -17.2450593467085,14.723258258211,0 -17.2450677606208,14.7232536526125,0 -17.2450758492409,14.7232492832807,0 -17.2450835359582,14.7232449214601,0 -17.2450907404398,14.7232403375283,0 -17.2450973842002,14.723235300941,0 -17.2451034330295,14.7232296439723,0 -17.2451090298129,14.7232234492655,0 -17.2451143616649,14.7232168577648,0 -17.2451196157373,14.7232100140281,0 -17.2451249800821,14.7232030598942,0 -17.2451306418418,14.7231961390173,0 -17.245136787212,14.7231893932542,0 -17.2451436052009,14.7231829671447,0 -17.2451512490984,14.7231769622054,0 -17.2451597350675,14.7231713249707,0 -17.245169049123,14.7231659588979,0 -17.2451791726564,14.723160769296,0 -17.2451900916916,14.7231556605255,0 -17.2452017876201,14.7231505378957,0 -17.2452142464659,14.723145305767,0 -17.2452274505579,14.7231398703431,0 -17.2452413544237,14.7231341426146,0 -17.245255791293,14.7231280645654,0 -17.2452705638461,14.7231215866076,0 -17.2452854756822,14.7231146582407,0 -17.2453003304099,14.7231072298678,0 -17.2453149306819,14.7230992491907,0 -17.2453290801158,14.7230906675161,0 -17.2453425813736,14.7230814334493,0 -17.2453552781367,14.723071512365,0 -17.2453671706178,14.7230609250426,0 -17.2453782991209,14.7230497090399,0 -17.2453887058065,14.7230379018966,0 -17.2453984290943,14.723025538478,0 -17.2454075102351,14.7230126581398,0 -17.2454159895051,14.7229992957292,0 -17.2454239081365,14.722985488795,0 -17.2454313065445,14.7229712857362,0 -17.245438230257,14.7229567809826,0 -17.2454447249132,14.7229420798051,0 -17.2454508352424,14.7229272892909,0 -17.2454566068745,14.7229125138076,0 -17.2454620854669,14.7228978604331,0 -17.245467316659,14.7228834344386,0 -17.2454723460988,14.7228693419984,0 -17.2454772089279,14.722855660476,0 -17.2454819047855,14.7228423546369,0 -17.2454864191002,14.7228293613749,0 -17.2454907419232,14.722816615732,0 -17.2454948605583,14.7228040563908,0 -17.2454987622719,14.7227916184202,0 -17.2455024362057,14.7227792386781,0 -17.2455058696354,14.7227668531367,0 -17.2455090406838,14.7227544105068,0 -17.2455118797219,14.7227419105602,0 -17.2455143070207,14.7227293640089,0 -17.2455162446986,14.7227167806439,0 -17.245517613036,14.7227041720806,0 -17.2455183313851,14.7226915499438,0 -17.2455183218643,14.7226789240242,0 -17.2455175038351,14.7226663068497,0 -17.2455158549359,14.7226536905055,0 -17.2455135786172,14.7226409980248,0 -17.2455109347869,14.7226281356295,0 -17.2455081833436,14.7226150086383,0 -17.2455055832668,14.7226015232823,0 -17.2455033953741,14.7225875839674,0 -17.2455018795639,14.7225730960125,0 -17.2455012948249,14.7225579665521,0 -17.2455018367521,14.7225421674865,0 -17.2455034428552,14.7225259424731,0 -17.2455059872784,14.7225096026454,0 -17.2455093432467,14.7224934600493,0 -17.2455133821101,14.722477824942,0 -17.2455179798787,14.7224630093423,0 -17.2455230078934,14.7224493226038,0 -17.2455283403262,14.7224370785704,0 -17.245533891351,14.7224265084761,0 -17.2455397428433,14.722417539244,0 -17.2455460185646,14.7224100178795,0 -17.2455528413386,14.7224037904939,0 -17.2455603349455,14.7223987058995,0 -17.2455686222275,14.7223946120143,0 -17.2455778269369,14.7223913549403,0 -17.2455880709877,14.7223887826045,0 -17.2455994031773,14.7223866740706,0 -17.2456115649373,14.7223845285769,0 -17.2456242217978,14.7223817765256,0 -17.2456370411452,14.7223778483008,0 -17.2456496866528,14.722372174323,0 -17.2456618266443,14.722364185871,0 -17.2456731257213,14.7223533133564,0 -17.2456832503324,14.7223389862693,0 -17.2456919560612,14.722320816653,0 -17.2456993586411,14.72229913679,0 -17.2457056638314,14.7222744578928,0 -17.2457110774288,14.7222472947881,0 -17.2457158051925,14.7222181586885,0 -17.2457200519815,14.7221875635259,0 -17.2457240235643,14.7221560214165,0 -17.2457279257093,14.7221240444762,0 -17.2457319292933,14.7220920918511,0 -17.2457360636875,14.7220604026932,0 -17.2457403242903,14.722029162272,0 -17.2457447046439,14.7219985558751,0 -17.2457492001468,14.7219687687719,0 -17.2457538052508,14.721939984434,0 -17.2457585153637,14.7219123890344,0 -17.245763324956,14.7218861678516,0 -17.2457682513066,14.7218614670907,0 -17.2457734131497,14.7218382774683,0 -17.2457789474235,14.7218165542864,0 -17.2457849965899,14.7217962482758,0 -17.2457916994251,14.7217773129135,0 -17.2457991956429,14.7217597025711,0 -17.2458076267859,14.7217433688917,0 -17.2458171307023,14.7217282653613,0 -17.2458278125657,14.7217143277123,0 -17.2458396301729,14.7217014235339,0 -17.2458525030673,14.7216894018125,0 -17.2458663526493,14.7216781115161,0 -17.2458811003468,14.7216674043235,0 -17.2458966684789,14.7216571282903,0 -17.2459129756703,14.7216471333153,0 -17.2459299442586,14.7216372692611,0 -17.2459474950859,14.721627421243,0 -17.2459655448584,14.7216176144641,0 -17.2459840106619,14.7216079111691,0 -17.2460028095638,14.7215983717958,0 -17.2460218586311,14.7215890567819,0 -17.2460410740309,14.7215800292846,0 -17.2460603718837,14.7215713479437,0 -17.2460796711412,14.7215630758896,0 -17.2460989339115,14.7215552297533,0 -17.2461183089163,14.7215476463592,0 -17.2461379917839,14.7215401196105,0 -17.2461581781515,14.7215324443136,0 -17.2461790645661,14.7215244134591,0 -17.2462008447988,14.7215158209679,0 -17.2462237144774,14.721506460743,0 -17.2462478710859,14.721496126669,0 -17.2462734458103,14.7214846656789,0 -17.2463003260499,14.7214721421124,0 -17.2463283357099,14.7214586751369,0 -17.2463572986766,14.7214443821135,0 -17.2463870388552,14.7214293822099,0 -17.2464173819888,14.721413792769,0 -17.2464481510546,14.7213977329679,0 -17.2464791708676,14.7213813201586,0 -17.2465102280829,14.7213646621247,0 -17.2465409696819,14.7213478255388,0 -17.2465710016642,14.7213308639185,0 -17.2465999337611,14.7213138325523,0 -17.2466273738473,14.7212967867467,0 -17.2466529307079,14.7212797799928,0 -17.2466762131648,14.7212628693952,0 -17.2466968281374,14.7212461075598,0 -17.2467144706,14.7212295335882,0 -17.246729180191,14.7212131199905,0 -17.2467410780314,14.7211968186078,0 -17.2467502899393,14.7211805866572,0 -17.2467569388921,14.7211643759616,0 -17.2467611497793,14.7211481437468,0 -17.2467630455878,14.7211318427391,0 -17.2467627511792,14.7211154274537,0 -17.2467604622494,14.7210988797279,0 -17.2467566670868,14.7210822878878,0 -17.2467519275615,14.7210657639408,0 -17.2467468055807,14.7210494235082,0 -17.246741860248,14.7210333804316,0 -17.2467376543798,14.7210177485164,0 -17.2467347489452,14.7210026424898,0 -17.2467337039755,14.7209881761844,0 -17.2467349230461,14.7209744152566,0 -17.2467381681279,14.7209612328105,0 -17.2467430456548,14.7209484528612,0 -17.2467491583573,14.7209359003636,0 -17.2467561108132,14.7209233993509,0 -17.2467635076002,14.7209107738564,0 -17.2467709523865,14.7208978497293,0 -17.2467780515881,14.7208844491781,0 -17.2467844779251,14.72087043262,0 -17.2467901923646,14.7208557959159,0 -17.2467952240158,14.7208405713109,0 -17.2467996028977,14.7208247892337,0 -17.2468033590385,14.720808481017,0 -17.2468065224664,14.7207916779929,0 -17.2468091232003,14.7207744105905,0 -17.2468111912777,14.7207567110455,0 -17.2468127155783,14.7207385812729,0 -17.2468135204148,14.7207199082285,0 -17.2468133889516,14.7207005494506,0 -17.2468121043626,14.720680363381,0 -17.2468094507498,14.7206592084524,0 -17.2468052112779,14.7206369422031,0 -17.2467991691117,14.7206134221713,0 -17.2467911074349,14.7205885077019,0 -17.2467809039437,14.7205621313126,0 -17.2467688117386,14.7205345317912,0 -17.2467551756569,14.7205060220286,0 -17.2467403442487,14.7204769148799,0 -17.2467246614228,14.7204475232454,0 -17.2467084757471,14.7204181617872,0 -17.2466921329863,14.7203891433879,0 -17.2466759789046,14.7203607809299,0 -17.2466602589129,14.7203333783309,0 -17.2466448058796,14.720307204659,0 -17.2466293513637,14.7202825173159,0 -17.2466136269522,14.7202595764135,0 -17.246597366061,14.7202386393352,0 -17.2465802974736,14.720219964413,0 -17.2465621555618,14.7202038117315,0 -17.2465426700282,14.7201904387099,0 -17.2465216837693,14.7201800058944,0 -17.2464994849219,14.72017227557,0 -17.2464764701476,14.7201669104836,0 -17.2464530389118,14.7201635751619,0 -17.2464295878763,14.7201619323522,0 -17.2464065164975,14.7201616456781,0 -17.2463842223844,14.7201623796849,0 -17.2463631031186,14.7201637962076,0 -17.2463434067745,14.7201656434642,0 -17.2463247767428,14.720167999908,0 -17.2463067087355,14.7201710276465,0 -17.246288695689,14.7201748897175,0 -17.2462702314494,14.7201797473428,0 -17.2462508098905,14.7201857644543,0 -17.246229924858,14.7201931022736,0 -17.2462070711349,14.7202019229164,0 -17.2461818741567,14.7202123646424,0 -17.2461544874726,14.7202244639101,0 -17.2461251989788,14.7202382314791,0 -17.2460942938145,14.7202536808467,0 -17.246062059876,14.7202708227728,0 -17.2460287822839,14.720289668948,0 -17.2459947489532,14.7203102319394,0 -17.2459602449955,14.7203325225344,0 -17.2459255664396,14.7203565297298,0 -17.2458910501145,14.7203821472557,0 -17.2458570391254,14.7204092470962,0 -17.2458238793531,14.7204377003056,0 -17.2457919148132,14.7204673770527,0 -17.2457614914057,14.7204981501988,0 -17.2457329531373,14.7205298890094,0 -17.2457066449713,14.7205624654515,0 -17.2456828327693,14.7205956420282,0 -17.2456614604253,14.7206287443426,0 -17.2456423936691,14.7206609894282,0 -17.2456254972928,14.7206915934238,0 -17.245610637964,14.7207197742572,0 -17.2455976804656,14.7207447471634,0 -17.2455864905551,14.7207657318859,0 -17.2455769320778,14.7207819427652,0 -17.2455688923008,14.720792796307,0 -17.2455623418284,14.7207985042237,0 -17.2455572718834,14.7207994786132,0 -17.2455536717855,14.7207961270736,0 -17.245551534632,14.7207888634916,0 -17.2455508497424,14.7207780954656,0 -17.2455516102044,14.7207642359787,0 -17.2455538053558,14.7207476944361,0 -17.2455574636536,14.7207288021595,0 -17.2455627569912,14.7207075737457,0 -17.2455698963629,14.7206839439008,0 -17.2455790899685,14.7206578464545,0 -17.245590546964,14.7206292179379,0 -17.2456044774052,14.7205979921626,0 -17.2456210904288,14.7205641038526,0 -17.245640594243,14.7205274877407,0 -17.2456630214331,14.720488243803,0 -17.2456876853212,14.7204471268263,0 -17.2457137245362,14.7204050568321,0 -17.2457402749324,14.7203629547724,0 -17.2457664742032,14.7203217397744,0 -17.2457914572767,14.7202823327998,0 -17.2458143627858,14.7202456538708,0 -17.2458343274984,14.7202126221245,0 -17.2458506708458,14.7201838630842,0 -17.2458634503088,14.720158825036,0 -17.2458729050744,14.7201366599508,0 -17.2458792761947,14.7201165206845,0 -17.2458828028747,14.7200975610149,0 -17.245883725219,14.7200789319998,0 -17.2458822842887,14.7200597873987,0 -17.2458787192787,14.7200392800852,0 -17.2458732037493,14.720016771383,0 -17.2458656441171,14.719992460074,0 -17.2458558820923,14.7199667533805,0 -17.2458437547344,14.7199400576667,0 -17.2458291037537,14.719912780155,0 -17.245811769013,14.719885328989,0 -17.2457915894377,14.7198581114177,0 -17.2457684058001,14.7198315337689,0 -17.2457421840047,14.7198058927318,0 -17.2457133941888,14.719781045505,0 -17.2456826306655,14.7197567369479,0 -17.2456504914703,14.7197327127875,0 -17.2456175709256,14.7197087187873,0 -17.2455844652007,14.7196844997896,0 -17.2455517704839,14.719659802444,0 -17.2455200820255,14.719634372506,0 -17.2454898381921,14.7196079563491,0 -17.2454608387232,14.7195803074433,0 -17.2454327283404,14.7195511807618,0 -17.2454051480526,14.7195203313132,0 -17.2453777416445,14.7194875131757,0 -17.2453501510724,14.7194524831556,0 -17.2453220201032,14.7194149935237,0 -17.2452929916222,14.7193748010767,0 -17.2452343922234,14.7193703907646,0 -17.245181285519,14.7193704855239,0 -17.2451329034176,14.7193745976679,0 -17.2450884778006,14.7193822367981,0 -17.2450472433812,14.7193929170057,0 -17.2450084301946,14.7194061488121,0 -17.2449712729269,14.7194214435965,0 -17.2449350034887,14.719438313668,0 -17.2448989317419,14.7194563591262,0 -17.2448626710527,14.7194755367354,0 -17.2448259127198,14.7194958892438,0 -17.2447883480788,14.7195174630132,0 -17.2447496684279,14.7195403007913,0 -17.2447095632457,14.7195644489576,0 -17.2446677247582,14.7195899502505,0 -17.2446238443,14.7196168510309,0 -17.2445777792645,14.7196450957574,0 -17.2445300626242,14.7196742410475,0 -17.244481394358,14.7197037434148,0 -17.2444324735362,14.7197330611893,0 -17.2443840001303,14.7197616499821,0 -17.2443366741406,14.7197889681151,0 -17.2442911955495,14.7198144721037,0 -17.2442482634123,14.7198376184729,0 -17.2442083863739,14.7198580354582,0 -17.2441713066849,14.7198760273402,0 -17.2441365724256,14.7198920656283,0 -17.2441037354255,14.7199066254094,0 -17.2440723437729,14.7199201790958,0 -17.2440419474399,14.7199332017921,0 -17.2440120972987,14.7199461658831,0 -17.2439823423739,14.719959544675,0 -17.243952382892,14.7199736184587,0 -17.2439225210862,14.7199878936848,0 -17.2438932103647,14.7200016810786,0 -17.243864904164,14.7200142940757,0 -17.2438380540461,14.7200250443234,0 -17.2438131143579,14.7200332434417,0 -17.2437905366806,14.7200382048849,0 -17.2437707762899,14.7200392402643,0 -17.243754270064,14.7200358592443,0 -17.2437414055076,14.720028371598,0 -17.243732555422,14.7200172833087,0 -17.2437280916703,14.720003099465,0 -17.2437283879992,14.7199863278479,0 -17.2437338153611,14.7199674753615,0 -17.2437447474739,14.7199470470758,0 -17.2437615571458,14.7199255498764,0 -17.2437844427416,14.7199034083097,0 -17.2438129057735,14.7198807166545,0 -17.2438462760778,14.7198574850172,0 -17.2438838807244,14.7198337253379,0 -17.2439250495683,14.7198094495299,0 -17.2439691105898,14.7197846677179,0 -17.244015391788,14.7197593918338,0 -17.2440632211624,14.7197336338099,0 -17.2441119761228,14.7197074258816,0 -17.2441612244226,14.7196808942149,0 -17.2442105813597,14.719654184393,0 -17.2442596650264,14.7196274428762,0 -17.2443080898024,14.7196008161608,0 -17.2443554737806,14.7195744507075,0 -17.2444014313599,14.7195484948201,0 -17.2444455787496,14.7195230922674,0 -17.2444876917355,14.7194983771399,0 -17.2445281785699,14.719474418668,0 -17.2445676051963,14.7194512737107,0 -17.2446065393963,14.7194289973021,0 -17.2446455480503,14.7194076471948,0 -17.2446851989209,14.7193872766151,0 -17.2447260570318,14.7193679433332,0 -17.2447686911008,14.7193497032758,0 -17.2448134938556,14.7193324695094,0 -17.2448601606247,14.7193155899225,0 -17.2449082154241,14.7192982731124,0 -17.2449571794384,14.7192797231869,0 -17.2450065748079,14.7192591469555,0 -17.2450559255287,14.7192357512103,0 -17.2451047537308,14.7192087418583,0 -17.2451525806159,14.719177324816,0 -17.2451972426578,14.7191398197016,0 -17.2452358619567,14.7190998504951,0 -17.2452686987985,14.7190585395782,0 -17.2452960143703,14.7190170066129,0 -17.2453180707876,14.7189763712513,0 -17.2453351283094,14.7189377531633,0 -17.245347448132,14.7189022729127,0 -17.2453552914513,14.718871051063,0 -17.2453590675673,14.718844894118,0 -17.2453597745134,14.718823355089,0 -17.2453585584453,14.7188056747349,0 -17.2453565664465,14.7187910938056,0 -17.2453549455909,14.7187788521473,0 -17.2453548401767,14.718768190537,0 -17.2453573991339,14.7187583488032,0 -17.2453637667605,14.7187485677227,0 -17.245374762109,14.7187382375985,0 -17.2453898866358,14.7187273560357,0 -17.245408315615,14.7187160692712,0 -17.2454292215452,14.7187045244726,0 -17.2454517787725,14.7186928678861,0 -17.2454751607245,14.7186812466706,0 -17.2454985426946,14.7186698088707,0 -17.245521096245,14.7186587007605,0 -17.2455421428888,14.7186480255977,0 -17.2455615825641,14.7186377120699,0 -17.2455794623935,14.7186276476822,0 -17.2455958294715,14.718617717229,0 -17.2456107308927,14.7186078055048,0 -17.2456242128419,14.7185977991202,0 -17.2456363224322,14.7185875846763,0 -17.2456471067486,14.7185770460643,0 -17.2456566320425,14.7185661257189,0 -17.2456650438293,14.7185549821552,0 -17.2456725086468,14.7185438324142,0 -17.2456791902203,14.7185328908532,0 -17.2456852541503,14.7185223736189,0 -17.2456908669469,14.7185124950415,0 -17.2456961942103,14.7185034712676,0 -17.2457013996659,14.7184955166546,0 -17.2457066691168,14.7184887351144,0 -17.2457122672655,14.7184827762187,0 -17.2457184771699,14.7184771782262,0 -17.245725584682,14.718471480272,0 -17.2457338709938,14.7184652197293,0 -17.245743622867,14.7184579339173,0 -17.2457551224399,14.7184491620069,0 -17.2457686546266,14.7184384422387,0 -17.2457843851392,14.7184254576712,0 -17.2458020141156,14.7184104795623,0 -17.2458211234301,14.7183939248825,0 -17.2458412940286,14.7183762106115,0 -17.2458621096424,14.7183577537019,0 -17.2458831502805,14.7183389702391,0 -17.2459039987556,14.7183202780886,0 -17.2459242360057,14.7183020933269,0 -17.2459434470864,14.7182846901355,0 -17.2459612204996,14.7182677725316,0 -17.2459771460797,14.7182509026643,0 -17.2459908164181,14.7182336399452,0 -17.2460018204212,14.7182155465326,0 -17.2460097497709,14.7181961836541,0 -17.246014195221,14.7181751125464,0 -17.2460147475256,14.7181518944459,0 -17.2460111897458,14.7181262856946,0 -17.2460040750969,14.7180988230486,0 -17.2459941518855,14.7180702383423,0 -17.2459821647138,14.7180412643501,0 -17.2459688609681,14.7180126338194,0 -17.2459549870876,14.7179850776996,0 -17.245941288601,14.7179593287568,0 -17.2459285138119,14.7179361188266,0 -17.2459172995393,14.7179159901798,0 -17.2459078560839,14.7178987194111,0 -17.2459002831906,14.7178838935409,0 -17.2458946833799,14.7178710986594,0 -17.2458911563786,14.7178599199801,0 -17.2458898047352,14.7178499463032,0 -17.2458907281675,14.7178407619389,0 -17.2458940273582,14.7178319548016,0 -17.2458997352438,14.7178232056238,0 -17.2459076036745,14.7178145773487,0 -17.2459173121406,14.7178062284925,0 -17.2459285447456,14.7177983148162,0 -17.2459409828458,14.7177909957214,0 -17.2459543087072,14.717784428794,0 -17.2459682027301,14.7177787707344,0 -17.2459823490556,14.7177741809175,0 -17.2459964772844,14.717770725213,0 -17.2460105204083,14.7177681151393,0 -17.2460244587163,14.7177659668847,0 -17.2460382744092,14.7177639020403,0 -17.2460519487228,14.7177615385922,0 -17.246065462911,14.7177584963337,0 -17.2460787982093,14.717754393251,0 -17.2460919358715,14.7177488491374,0 -17.2461048581595,14.7177415822617,0 -17.2461175438869,14.7177326994468,0 -17.2461299738589,14.7177224114026,0 -17.2461421288256,14.7177109234188,0 -17.2461539895739,14.7176984443984,0 -17.2461655368726,14.7176851814379,0 -17.2461767496428,14.7176713425549,0 -17.2461876086627,14.7176571357492,0 -17.2461981215708,14.7176425817282,0 -17.2462084034951,14.7176269565464,0 -17.2462185955238,14.7176093516854,0 -17.2462288405734,14.7175888558984,0 -17.2462392797317,14.717564560667,0 -17.2462500550053,14.7175355565602,0 -17.2462613083913,14.7175009332436,0 -17.2462731809584,14.717459780392,0 -17.2462856088026,14.7174116595066,0 -17.2462976950707,14.7173580131978,0 -17.2463083379382,14.7173007559026,0 -17.2463164346444,14.7172418011636,0 -17.2463208824301,14.7171830625233,0 -17.2463205794653,14.7171264535148,0 -17.2463144220641,14.7170738876892,0 -17.2463013093347,14.7170272794733,0 -17.2462806902578,14.7169879380121,0 -17.246254234702,14.7169547556363,0 -17.2462241633548,14.7169260211942,0 -17.2461926987687,14.7169000244204,0 -17.2461620616029,14.7168750514549,0 -17.2461344753571,14.7168493938325,0 -17.2461121597624,14.7168213377043,0 -17.2460973382996,14.7167891728,0 -17.2460916026894,14.7167516846926,0 -17.2460940288013,14.7167096467369,0 -17.2461030616929,14.716664329928,0 -17.2461171491976,14.7166170043302,0 -17.2461347354463,14.7165689409468,0 -17.2461542673377,14.7165214089475,0 -17.2461741918091,14.7164756811159,0 -17.2461929539059,14.7164330266401,0 -17.2462093097961,14.7163943647331,0 -17.2462232545052,14.7163592093413,0 -17.2462350922766,14.7163267199363,0 -17.2462451273901,14.7162960596034,0 -17.2462536650442,14.7162663905157,0 -17.2462610085527,14.7162368721537,0 -17.2462674640417,14.7162066666812,0 -17.2462733339335,14.7161749372015,0 -17.246278761511,14.7161411709237,0 -17.2462832369489,14.7161061670004,0 -17.2462860875983,14.7160710514363,0 -17.2462866408195,14.7160369511394,0 -17.2462842248832,14.7160049912018,0 -17.2462781662313,14.715976299444,0 -17.2462677922059,14.7159520009665,0 -17.2462524320146,14.7159332217553,0 -17.2462317172692,14.7159207026675,0 -17.2462065012777,14.7159136448324,0 -17.246177940644,14.7159108606282,0 -17.2461471947942,14.7159111660205,0 -17.2461154212703,14.7159133742827,0 -17.246083778553,14.7159162995834,0 -17.246053423276,14.7159187570131,0 -17.2460255139309,14.7159195616447,0 -17.2460010728664,14.7159177412992,0 -17.2459805835772,14.7159131891897,0 -17.2459643924957,14.7159060121894,0 -17.2459528460445,14.7158963162676,0 -17.2459462925303,14.7158842100863,0 -17.2459450774466,14.7158697996236,0 -17.2459495500087,14.715853191725,0 -17.2459600557279,14.7158344941748,0 -17.245977110429,14.7158137661217,0 -17.2460019028946,14.7157908776738,0 -17.2460357894451,14.715765651233,0 -17.2460801263899,14.7157379082964,0 -17.2461362719117,14.7157074721476,0 -17.2462055823252,14.7156741651822,0 -17.2462894129959,14.7156378079945,0 -17.2463891230361,14.7155982247522,0 -17.2466705941539,14.715515271596,0 -17.2467743596009,14.7154306916371,0 -17.24685783136,14.7153631124566,0 -17.2469299395696,14.7153056980319,0 -17.2469996124595,14.7152516096372,0 -17.247075781025,14.7151940085109,0 -17.2471673716093,14.7151260568301,0 -17.2472833151608,14.7150409158109,0 -17.2474325407512,14.714931748475,0 -17.2473446336437,14.7148666134763,0 -17.2472700823138,14.7148196942481,0 -17.2471976622472,14.7147906135999,0 -17.2471161461619,14.7147789952553,0 -17.2470143086401,14.7147844638066,0 -17.2468809242346,14.7148066420169,0 -17.246704768405,14.7148451526059,0 -17.2464746128846,14.7148996200854,0 -17.2465687246176,14.7147142197458,0 -17.2467363532981,14.7146800169133,0 -17.2468769234659,14.7146484689986,0 -17.2469938383555,14.7146209344809,0 -17.2470905020801,14.7145987672983,0 -17.2471703197329,14.7145833267894,0 -17.2472366945197,14.7145759695914,0 -17.2472930314813,14.7145780505107,0 -17.247342734775,14.7145909288747,0 -17.2473885279054,14.7146151294196,0 -17.2474304138377,14.7146478592898,0 -17.2474677149275,14.71468549556,0 -17.2474997535172,14.7147244144021,0 -17.247525851946,14.7147609919884,0 -17.2475453325507,14.7147916044916,0 -17.2475575176855,14.7148126298909,0 -17.2475617306056,14.7148204434459,0 -17.2475920102819,14.7148899260613,0 -17.2476052150118,14.7149498595425,0 -17.2476047051694,14.7150013181185,0 -17.2475938411536,14.7150453778214,0 -17.2475759815122,14.7150831146993,0 -17.2475544866346,14.7151156029751,0 -17.2475327159937,14.7151439177849,0 -17.2475140309301,14.715169135151,0 -17.2475009288923,14.715192277135,0 -17.2474924684731,14.715214150694,0 -17.2474868481117,14.7152355114971,0 -17.2474822643625,14.7152571125214,0 -17.2474769138065,14.7152797094537,0 -17.2474689957813,14.7153040552436,0 -17.2474567068661,14.7153309055781,0 -17.2474382445488,14.7153610143276,0 -17.247412362523,14.7153947866216,0 -17.2473800411489,14.7154312308031,0 -17.2473428170045,14.7154690073781,0 -17.2473022247944,14.7155067750644,0 -17.2472598020377,14.7155431952635,0 -17.2472170852903,14.715576925773,0 -17.2471756102006,14.7156066262071,0 -17.2471369124372,14.715630957988,0 -17.2471021663782,14.715649018837,0 -17.2470710865674,14.7156616698837,0 -17.2470430281395,14.7156702112482,0 -17.2470173434249,14.7156759412707,0 -17.2469933838433,14.7156801601067,0 -17.2469705054642,14.7156841687702,0 -17.2469480587683,14.7156892665219,0 -17.2469253979489,14.7156967525866,0 -17.2469020377674,14.7157075605061,0 -17.2468781454343,14.7157211573793,0 -17.2468540468357,14.7157366410268,0 -17.2468300706708,14.7157531119527,0 -17.2468065447017,14.7157696697666,0 -17.2467837976192,14.7157854140691,0 -17.2467621571863,14.7157994444702,0 -17.2467419502289,14.7158108596852,0 -17.2467233765438,14.715819045179,0 -17.2467061194372,14.7158245316887,0 -17.246689733283,14.7158281322017,0 -17.246673770635,14.7158306633369,0 -17.2466577877321,14.7158329389668,0 -17.2466413371276,14.7158357757104,0 -17.2466239731941,14.7158399865544,0 -17.2466052503501,14.7158463890031,0 -17.2465849351139,14.7158555717155,0 -17.2465636426083,14.7158672278477,0 -17.2465422019594,14.7158808262101,0 -17.2465214404279,14.7158958347283,0 -17.2465021862033,14.7159117213188,0 -17.2464852684038,14.7159279538895,0 -17.2464715133725,14.7159440012788,0 -17.2464617502193,14.7159593304912,0 -17.2464565224873,14.7159735341818,0 -17.2464552313611,14.7159866985735,0 -17.2464569942684,14.715999031004,0 -17.246460928655,14.7160107406184,0 -17.2464661501194,14.7160220374827,0 -17.2464717779636,14.7160331307239,0 -17.2464769277581,14.716044227698,0 -17.2464807178856,14.7160555384445,0 -17.2464825475861,14.7160672314269,0 -17.2464829526085,14.7160793168089,0 -17.2464827532721,14.7160917631424,0 -17.2464827680493,14.7161045399003,0 -17.2464838154127,14.7161176165558,0 -17.2464867156821,14.7161309616604,0 -17.2464922882681,14.7161445455814,0 -17.2465013507063,14.7161583368971,0 -17.246514391937,14.7161723073726,0 -17.2465305734588,14.7161864353236,0 -17.2465487253989,14.7162007031833,0 -17.2465676769285,14.7162150906841,0 -17.2465862581838,14.7162295811635,0 -17.2466033001916,14.7162441543366,0 -17.246617632141,14.716258791744,0 -17.2466280841394,14.7162734740137,0 -17.2466339357637,14.7162881972921,0 -17.2466362597459,14.7163030117111,0 -17.2466365782508,14.7163179793065,0 -17.2466364153187,14.7163331639026,0 -17.2466372922057,14.716348629351,0 -17.2466407320246,14.7163644394851,0 -17.2466482569606,14.7163806581468,0 -17.2466613901089,14.716397347362,0 -17.2466811916127,14.7164144155276,0 -17.2467068723953,14.7164311375286,0 -17.2467371841396,14.716446634586,0 -17.2467708766618,14.7164600270356,0 -17.2468066988396,14.7164704343197,0 -17.2468434023346,14.7164769758543,0 -17.2468797351133,14.7164787728992,0 -17.2469144497642,14.7164749448632,0 -17.2469466043122,14.7164648846746,0 -17.2469765035534,14.7164490754798,0 -17.2470047614431,14.7164282748113,0 -17.2470319900713,14.7164032393154,0 -17.2470588043036,14.7163747247079,0 -17.2470858180959,14.7163434885199,0 -17.2471136444572,14.7163102864846,0 -17.2471428973435,14.7162758761327,0 -17.2471740748531,14.716240851675,0 -17.2472072154155,14.716205158526,0 -17.2472422416123,14.7161685796842,0 -17.2472790751059,14.7161308990603,0 -17.2473176384776,14.7160918996529,0 -17.2473578543087,14.7160513644604,0 -17.2473996451895,14.7160090773848,0 -17.2474429336915,14.7159648205212,0 -17.2474875154348,14.7159185795887,0 -17.2475326790504,14.715871143951,0 -17.247577589895,14.7158235029467,0 -17.2476214105515,14.7157766468449,0 -17.2476633026945,14.7157315677312,0 -17.2477024316849,14.7156892549452,0 -17.2477379591906,14.7156506996698,0 -17.2477690496371,14.7156168903508,0 -17.2477951181715,14.7155886413291,0 -17.2478165928024,14.7155660478412,0 -17.2478341540966,14.7155490291935,0 -17.2478484816636,14.7155375019905,0 -17.247860257925,14.7155313855201,0 -17.2478701606513,14.7155305982114,0 -17.247878873173,14.715535057536,0 -17.247887073251,14.7155446810193,0 -17.2478952674932,14.7155592622563,0 -17.2479032536132,14.7155780848998,0 -17.2479106544493,14.7156003078046,0 -17.2479170937675,14.7156250898168,0 -17.2479221934679,14.7156515888971,0 -17.247925577325,14.7156789647951,0 -17.2479268681757,14.715706376366,0 -17.2479256888379,14.7157329806582,0 -17.247921846787,14.7157581082137,0 -17.2479158926216,14.7157817690488,0 -17.2479085597234,14.7158041448847,0 -17.247900582412,14.7158254183371,0 -17.2478926949794,14.7158457693111,0 -17.2478856326738,14.7158653804137,0 -17.2478801288782,14.715884433366,0 -17.247876918823,14.7159031089681,0 -17.2478765244232,14.7159215169035,0 -17.2478786179722,14.715939475128,0 -17.2478826612508,14.7159567322609,0 -17.2478881141554,14.7159730342293,0 -17.2478944384573,14.7159881287492,0 -17.2479010931149,14.7160017608534,0 -17.2479075399084,14.7160136791614,0 -17.2479132396708,14.7160236304951,0 -17.247917703996,14.716031513881,0 -17.247920648532,14.716037845287,0 -17.2479218406159,14.7160432928766,0 -17.2479210466564,14.7160485248224,0 -17.2479180340001,14.7160542101913,0 -17.2479125699746,14.7160610162432,0 -17.2479044200696,14.716069612063,0 -17.2478933525593,14.7160806667083,0 -17.2478792320183,14.7160946441031,0 -17.2478623158179,14.716111203827,0 -17.247842959468,14.7161297985012,0 -17.2478215166503,14.7161498834751,0 -17.2477983438219,14.7161709131678,0 -17.2477737965213,14.7161923429108,0 -17.2477482284125,14.7162136262469,0 -17.2477219959629,14.7162342184987,0 -17.2476954283922,14.7162537243369,0 -17.2476687515712,14.7162723529966,0 -17.247642167826,14.7162904621213,0 -17.2476158757975,14.716308412101,0 -17.2475900787492,14.7163265614739,0 -17.247564976241,14.7163452697177,0 -17.2475407696796,14.7163648953888,0 -17.2475176586248,14.7163857979651,0 -17.247495840181,14.7164081878652,0 -17.2474754830856,14.7164316812565,0 -17.2474567517644,14.7164557452651,0 -17.2474398106623,14.7164798488239,0 -17.2474248242055,14.716503459059,0 -17.2474119568207,14.7165260430963,0 -17.2474013729437,14.7165470689651,0 -17.2473932360917,14.7165660056074,0 -17.247387602825,14.7165824838319,0 -17.247384098341,14.7165967991175,0 -17.2473822371675,14.7166094088464,0 -17.2473815375725,14.7166207730746,0 -17.2473815131552,14.7166313491932,0 -17.2473816831024,14.716641596346,0 -17.2473815610317,14.7166519737308,0 -17.2473806642731,14.7166629405096,0 -17.2473786155902,14.716674826519,0 -17.2473754633029,14.7166874551008,0 -17.2473713639492,14.7167005202445,0 -17.2473664731482,14.7167137168524,0 -17.2473609455906,14.7167267398353,0 -17.2473549368955,14.7167392840954,0 -17.2473486026729,14.7167510436312,0 -17.247342098542,14.7167617133449,0 -17.2473355320361,14.7167710970292,0 -17.247328813638,14.7167794277615,0 -17.2473218076379,14.7167870511055,0 -17.2473143773606,14.7167943090203,0 -17.2473063842838,14.7168015443861,0 -17.2472976936164,14.7168091018545,0 -17.2472881677642,14.7168173242968,0 -17.2472776691328,14.7168265545843,0 -17.2472661018179,14.7168370366986,0 -17.247253531033,14.7168486118881,0 -17.2472400609248,14.7168610252487,0 -17.2472257983784,14.7168740173321,0 -17.2472108475316,14.7168873323306,0 -17.2471953143508,14.7169007117084,0 -17.2471793029736,14.7169138996581,0 -17.247162919376,14.7169266385471,0 -17.2471462608992,14.7169387340743,0 -17.2471293893716,14.7169502407555,0 -17.2471123598711,14.7169612791299,0 -17.2470952274476,14.7169719670266,0 -17.2470780453133,14.7169824240994,0 -17.2470608685091,14.7169927672739,0 -17.2470437521127,14.7170031170896,0 -17.2470267493176,14.7170135913935,0 -17.2470099346577,14.7170243069222,0 -17.246993452155,14.7170353670884,0 -17.2469774662345,14.7170468733001,0 -17.2469621403928,14.7170589269742,0 -17.2469476390641,14.7170716304223,0 -17.2469341248078,14.7170850841667,0 -17.2469217620488,14.7170993896156,0 -17.2469107152122,14.7171146481769,0 -17.2469011078344,14.7171309571378,0 -17.2468929072854,14.7171483936155,0 -17.246886040984,14.7171670315006,0 -17.2468804363305,14.7171869428768,0 -17.2468760198063,14.7172082007404,0 -17.2468727197584,14.7172308789728,0 -17.2468704645338,14.7172550514556,0 -17.2468691796673,14.717280789387,0 -17.246868785312,14.7173080917345,0 -17.2468691641952,14.7173366569514,0 -17.2468701899311,14.7173661094894,0 -17.2468717370529,14.7173960728878,0 -17.2468736800938,14.717426170686,0 -17.246875894515,14.7174560264143,0 -17.2468782520738,14.7174852645424,0 -17.2468806291503,14.7175135076883,0 -17.2468828192859,14.7175404479423,0 -17.2468842938575,14.7175660461597,0 -17.2468844441605,14.7175903299311,0 -17.246882663365,14.7176133286359,0 -17.2468783418375,14.7176350698733,0 -17.2468708708728,14.7176555812339,0 -17.2468596436496,14.7176748930001,0 -17.2468440505248,14.7176930318673,0 -17.2468237688208,14.7177100352997,0 -17.2467996124168,14.717725967683,0 -17.2467726821583,14.7177409041723,0 -17.2467440779349,14.7177549172216,0 -17.2467148987455,14.7177680829079,0 -17.2466862454088,14.7177804736773,0 -17.2466592178247,14.7177921628885,0 -17.2466349149838,14.7178032257169,0 -17.2466141705196,14.7178137516581,0 -17.2465967511603,14.717823896577,0 -17.246582154573,14.7178338315979,0 -17.2465698802813,14.7178437278266,0 -17.246559427827,14.717853758176,0 -17.2465502967239,14.7178640928483,0 -17.2465419846571,14.7178749047739,0 -17.2465339920871,14.7178863659529,0 -17.246525867536,14.7178987183947,0 -17.2465173630335,14.7179124957838,0 -17.2465082795988,14.7179283018052,0 -17.2464984191983,14.7179467419417,0 -17.2464875828511,14.7179684198783,0 -17.2464755734419,14.7179939401855,0 -17.2464621920079,14.7180239083551,0 -17.2464472404864,14.7180589271594,0 -17.246430665892,14.7180992618485,0 -17.2464130046282,14.7181438076158,0 -17.2463949363204,14.7181911221506,0 -17.2463771433518,14.7182397604046,0 -17.2463603062592,14.7182882782512,0 -17.2463451065178,14.7183352324583,0 -17.2463322255945,14.7183791788903,0 -17.2463223449473,14.7184186725084,0 -17.2463159910883,14.7184526393226,0 -17.246313074337,14.7184814777586,0 -17.2463133510127,14.7185059590891,0 -17.246316577388,14.7185268500694,0 -17.2463225079066,14.7185449201831,0 -17.2463308997964,14.7185609388868,0 -17.2463415093482,14.7185756747425,0 -17.2463540919334,14.7185898972248,0 -17.2463684214672,14.7186041922104,0 -17.2463843405149,14.718618415757,0 -17.2464017120789,14.7186322439202,0 -17.2464203954113,14.7186453491778,0 -17.2464402516481,14.7186574067004,0 -17.2464611428537,14.7186680916491,0 -17.2464829301361,14.7186770764842,0 -17.2465054746308,14.7186840363761,0 -17.2465286192292,14.7186887686498,0 -17.2465521450404,14.7186915645599,0 -17.2465758121631,14.7186928393497,0 -17.246599384391,14.7186930064194,0 -17.2466226218046,14.7186924792052,0 -17.2466452882351,14.7186916747215,0 -17.2466671437448,14.7186910045977,0 -17.2466879530842,14.7186908849357,0 -17.2467075476831,14.7186916254769,0 -17.2467260471126,14.7186931175407,0 -17.2467436413641,14.7186951487604,0 -17.2467605213661,14.7186975076634,0 -17.2467768771005,14.7186999809794,0 -17.2467928976394,14.7187023572538,0 -17.2468087748209,14.7187044231981,0 -17.246824698636,14.7187059664454,0 -17.2468408376551,14.7187069492186,0 -17.2468572803467,14.7187080329508,0 -17.2468740937589,14.7187100536655,0 -17.2468913440121,14.7187138473948,0 -17.2469090981458,14.7187202492584,0 -17.2469274232185,14.718730096183,0 -17.2469463862704,14.718744223288,0 -17.2469660534326,14.7187634675089,0 -17.2469863963425,14.7187883224508,0 -17.2470069967338,14.7188179220671,0 -17.2470273427923,14.7188510587792,0 -17.2470469208465,14.7188865250268,0 -17.2470652190711,14.7189231123285,0 -17.2470817238022,14.718959614028,0 -17.2470959213472,14.7189948207588,0 -17.2471072999063,14.7190275267507,0 -17.2471155149221,14.7190568119344,0 -17.2471208965351,14.719082914351,0 -17.2471239467892,14.7191063595043,0 -17.2471251630965,14.7191276738466,0 -17.2471250475202,14.7191473846884,0 -17.247124099311,14.7191660166569,0 -17.2471228177386,14.719184096186,0 -17.2471217030102,14.7192021506042,0 -17.2471211539415,14.7192206874424,0 -17.2471211564469,14.7192401441484,0 -17.2471215978338,14.7192609383456,0 -17.247122363581,14.7192834903855,0 -17.2471233391484,14.7193082188131,0 -17.2471244100056,14.7193355430764,0 -17.2471254616034,14.719365880817,0 -17.2471263803487,14.7193996523773,0 -17.2471270367007,14.7194369900272,0 -17.2471272420606,14.7194768827336,0 -17.2471267918818,14.7195180313906,0 -17.2471254835108,14.7195591404881,0 -17.2471231133192,14.7195989100078,0 -17.2471194767872,14.719636043554,0 -17.2471143703049,14.7196692429153,0 -17.2471075902712,14.7196972107837,0 -17.2470990168116,14.7197190294268,0 -17.2470888686962,14.7197353020903,0 -17.2470774484213,14.7197470115956,0 -17.2470650566361,14.7197551416854,0 -17.2470519958278,14.7197606742779,0 -17.2470385694396,14.7197645939925,0 -17.2470250790394,14.7197678836599,0 -17.247011826195,14.7197715261107,0 -17.2469991285929,14.7197763558397,0 -17.2469873646548,14.7197826113224,0 -17.2469769289028,14.7197903808913,0 -17.246968214012,14.7197997538003,0 -17.2469616145234,14.7198108201891,0 -17.2469575240312,14.719823668399,0 -17.2469563361486,14.7198383885784,0 -17.2469584444609,14.7198550681653,0 -17.2469640819232,14.7198737012847,0 -17.2469728341404,14.7198938907877,0 -17.2469841270054,14.7199151453003,0 -17.2469973854733,14.719936972554,0 -17.2470120344898,14.7199588793771,0 -17.2470274990092,14.7199803735015,0 -17.2470432049141,14.7200009626502,0 -17.2470585771579,14.7200201545555,0 -17.2470731782579,14.7200375640392,0 -17.2470871274831,14.7200532342173,0 -17.2471006807382,14.7200673153042,0 -17.2471140939372,14.7200799584174,0 -17.2471276239226,14.7200913146655,0 -17.2471415275182,14.7201015333502,0 -17.2471560597101,14.7201107655979,0 -17.2471714782693,14.7201191625079,0 -17.2471879045783,14.7201268828279,0 -17.2472049209645,14.7201341158357,0 -17.2472219771265,14.7201410629389,0 -17.2472385199408,14.7201479219586,0 -17.2472539990876,14.7201548924957,0 -17.2472678614526,14.7201621732751,0 -17.247279557635,14.7201699629855,0 -17.2472885336109,14.7201784621678,0 -17.2472944276804,14.7201878866634,0 -17.2472976243632,14.7201985263897,0 -17.2472986986559,14.7202106874861,0 -17.2472982246454,14.7202246779077,0 -17.2472967764092,14.7202408047062,0 -17.2472949280159,14.7202593740298,0 -17.2472932535527,14.7202806938336,0 -17.2472923270979,14.7203050711691,0 -17.2472927153039,14.7203328131601,0 -17.247294962592,14.7203642316635,0 -17.2472996013164,14.7203996386534,0 -17.2473071675454,14.7204393460674,0 -17.2473181973478,14.720483665843,0 -17.247333225865,14.7205329099264,0 -17.2473527873209,14.7205873911756,0 -17.2473774168501,14.7206474206322,0 -17.2473917288077,14.720706006084,0 -17.2474026869177,14.7207573686991,0 -17.2474109064641,14.7208020319783,0 -17.2474170027227,14.7208405185182,0 -17.247421588195,14.7208733518458,0 -17.2474252800245,14.7209010554429,0 -17.2474286907047,14.7209241519328,0 -17.247432436461,14.7209431657093,0 -17.2474369817854,14.7209586714299,0 -17.2474421907964,14.7209714510679,0 -17.2474477805568,14.7209823404288,0 -17.2474534662547,14.7209921735294,0 -17.2474589640154,14.7210017852808,0 -17.2474639890455,14.7210120115066,0 -17.247468257452,14.7210236853112,0 -17.2474714844416,14.7210376425183,0 -17.247473434192,14.7210545151808,0 -17.2474740603508,14.7210741284629,0 -17.2474733683307,14.7210961046345,0 -17.2474713589029,14.7211200660105,0 -17.2474680356329,14.7211456357821,0 -17.2474634030047,14.7211724362282,0 -17.2474574617895,14.7212000896637,0 -17.2474502164807,14.7212282192707,0 -17.247441742221,14.7212564574848,0 -17.2474324023109,14.7212844727961,0 -17.2474226344413,14.7213119456225,0 -17.2474128735184,14.7213385564089,0 -17.2474035581433,14.7213639837573,0 -17.2473951241421,14.7213879072001,0 -17.2473880064123,14.7214100062789,0 -17.2473826444933,14.7214299604901,0 -17.2473793426462,14.7214475653923,0 -17.2473778945872,14.7214630741704,0 -17.2473779606197,14.7214768569569,0 -17.2473792019569,14.7214892820684,0 -17.2473812825967,14.7215007177941,0 -17.2473838619232,14.7215115351791,0 -17.2473866039434,14.7215221034162,0 -17.2473891680043,14.7215327899366,0 -17.2473912482271,14.721543913043,0 -17.2473926517257,14.7215555839354,0 -17.2473932166383,14.7215678611077,0 -17.2473927820402,14.721580803948,0 -17.2473911860787,14.7215944718537,0 -17.2473882668915,14.7216089233186,0 -17.2473838626164,14.7216242168365,0 -17.2473778123286,14.7216404117955,0 -17.247370040959,14.7216575206703,0 -17.247360825124,14.7216753591651,0 -17.247350529171,14.7216936978597,0 -17.2473395155908,14.7217123073518,0 -17.2473281487126,14.7217309564142,0 -17.2473167928749,14.7217494147232,0 -17.2473058105786,14.7217674537801,0 -17.2472955661438,14.7217848414543,0 -17.2472863614083,14.7218014085659,0 -17.2472782537461,14.7218172277444,0 -17.2472712361547,14.721832430974,0 -17.2472653053631,14.7218471520096,0 -17.2472604552877,14.721861521923,0 -17.2472566817294,14.7218756744782,0 -17.2472539776949,14.7218897425626,0 -17.2472523398852,14.721903857221,0 -17.247251716834,14.7219181599044,0 -17.2472518781799,14.721932819099,0 -17.2472525481599,14.7219480118637,0 -17.2472534491548,14.7219639152753,0 -17.2472543053829,14.7219807045858,0 -17.2472548420188,14.7219985577484,0 -17.2472547814244,14.7220176500332,0 -17.2472538478455,14.7220381594024,0 -17.2472518789822,14.7220601922415,0 -17.2472491729403,14.7220835775995,0 -17.2472461394325,14.7221080738699,0 -17.247243190975,14.7221334412261,0 -17.2472407372718,14.7221594371584,0 -17.247239189911,14.722185821849,0 -17.2472389595438,14.722212354586,0 -17.2472404586777,14.7222387946392,0 -17.247243995492,14.7222649574067,0 -17.2472494766865,14.7222908880671,0 -17.2472567055698,14.7223166888217,0 -17.2472654863879,14.7223424627663,0 -17.247275623359,14.7223683102863,0 -17.2472869207381,14.7223943353809,0 -17.2472991827525,14.7224206393389,0 -17.2473122136296,14.7224473234494,0 -17.2473258279858,14.7224744157141,0 -17.2473398901636,14.7225016328361,0 -17.2473542739572,14.7225286173369,0 -17.2473688550263,14.7225550126237,0 -17.2473835062367,14.722580461227,0 -17.2473981032198,14.7226046038437,0 -17.2474125197784,14.722627083899,0 -17.2474266324907,14.7226475438877,0 -17.2474403768502,14.7226656681989,0 -17.2474539472848,14.7226813148974,0 -17.2474675999042,14.7226943821083,0 -17.2474815908459,14.722704770667,0 -17.2474961771666,14.7227123804963,0 -17.2475116131288,14.7227171106426,0 -17.2475281576455,14.7227188610106,0 -17.2475460649791,14.7227175306465,0 -17.2475654851924,14.7227130873731,0 -17.2475861375811,14.7227057697379,0 -17.2476076344381,14.7226958832851,0 -17.2476295871192,14.7226837326647,0 -17.2476516079177,14.7226696234212,0 -17.2476733100646,14.7226538619937,0 -17.2476943039882,14.7226367530416,0 -17.2477142029107,14.7226186021006,0 -17.2477327430971,14.7225996728532,0 -17.2477501575482,14.7225800542945,0 -17.247766805092,14.7225597935389,0 -17.247783042709,14.7225389386224,0 -17.2477992292267,14.7225175366591,0 -17.2478157234634,14.7224956338598,0 -17.2478328814709,14.7224732782691,0 -17.2478510620763,14.7224505170011,0 -17.247870515815,14.7224274289411,0 -17.247891062877,14.7224042236478,0 -17.2479124142233,14.7223811415568,0 -17.2479342826717,14.7223584230859,0 -17.247956379193,14.7223363095743,0 -17.2479784166144,14.7223150423435,0 -17.2480001068264,14.7222948618204,0 -17.2480211617283,14.7222760093356,0 -17.2480413445914,14.7222586660875,0 -17.2480606242095,14.7222427763602,0 -17.2480790235234,14.7222282233751,0 -17.2480965608509,14.7222148922056,0 -17.2481132582042,14.7222026660822,0 -17.2481291366952,14.7221914309545,0 -17.2481442164795,14.7221810700711,0 -17.2481585186594,14.7221714684783,0 -17.248172097801,14.7221625154151,0 -17.2481851461306,14.72215412589,0 -17.2481978875,14.7221462209288,0 -17.2482105476175,14.7221387215395,0 -17.2482233512632,14.7221315487389,0 -17.2482365250736,14.7221246235259,0 -17.2482502928909,14.7221178660228,0 -17.2482648795044,14.7221111981498,0 -17.2482805313124,14.7221045669162,0 -17.2482975645529,14.7220980306912,0 -17.2483163198763,14.7220916747129,0 -17.2483371342202,14.7220855842554,0 -17.248360344522,14.7220798445926,0 -17.2483862914228,14.7220745400586,0 -17.2484153109411,14.7220697568393,0 -17.2484477427992,14.7220655801808,0 -17.2484836943488,14.7220620677689,0 -17.2485223602238,14.7220591723076,0 -17.248562704563,14.7220568207305,0 -17.248603691496,14.7220549390682,0 -17.2486442851338,14.7220534515452,0 -17.2486834505529,14.7220522859917,0 -17.2487201518833,14.7220513684405,0 -17.2487533532454,14.7220506240214,0 -17.2487823347385,14.7220500109375,0 -17.2488076431242,14.7220496160401,0 -17.2488301401866,14.7220495565512,0 -17.2488506877284,14.7220499514993,0 -17.2488701475429,14.7220509190091,0 -17.248889382361,14.7220525780993,0 -17.2489092530293,14.722055045096,0 -17.2489306213596,14.7220584399297,0 -17.2489541163766,14.7220628143162,0 -17.2489794295872,14.7220679598244,0 -17.249006018792,14.7220736007213,0 -17.2490333399256,14.7220794603886,0 -17.2490608526818,14.7220852666896,0 -17.2490880139044,14.7220907411909,0 -17.2491142805024,14.7220956117832,0 -17.2491391111851,14.7220996009189,0 -17.2491620704077,14.7221025131487,0 -17.2491831594112,14.7221044695347,0 -17.2492024851272,14.7221056678159,0 -17.2492201544964,14.7221063066352,0 -17.2492362763347,14.7221065864239,0 -17.2492509584927,14.7221067040084,0 -17.249264307011,14.7221068607506,0 -17.2492764306686,14.7221072534678,0 -17.2492874882407,14.7221080658422,0 -17.2492978420433,14.7221094136205,0 -17.2493079043608,14.722111396704,0 -17.249318090244,14.7221141131596,0 -17.2493288101299,14.7221176638099,0 -17.2493404800069,14.7221221476163,0 -17.2493535112314,14.7221276644885,0 -17.2493683179351,14.7221343134058,0 -17.2493851246815,14.7221421753112,0 -17.2494034079234,14.7221512543871,0 -17.2494224545452,14.7221615367802,0 -17.2494415523407,14.7221730068214,0 -17.2494599891224,14.7221856506487,0 -17.2494770508365,14.7221994535151,0 -17.2494920271516,14.7222144015411,0 -17.2495042049327,14.7222304790675,0 -17.2495131555567,14.7222476224943,0 -17.2495195883017,14.7222655620023,0 -17.2495244978864,14.7222839798219,0 -17.2495288771546,14.7223025563946,0 -17.2495337198973,14.7223209739596,0 -17.2495400189683,14.7223389138617,0 -17.2495487699969,14.7223560565147,0 -17.2495609649091,14.7223720832721,0 -17.2495773294132,14.7223867874009,0 -17.2495975187405,14.7224004062654,0 -17.2496209172353,14.7224132864788,0 -17.2496469111451,14.7224257791536,0 -17.2496748876082,14.7224382317798,0 -17.2497042309876,14.722450992778,0 -17.2497343275032,14.722464410551,0 -17.2497645643028,14.7224788334929,0 -17.2497943880467,14.7224945290054,0 -17.2498235000223,14.7225114277087,0 -17.2498516619851,14.7225293819316,0 -17.249878637519,14.7225482412745,0 -17.2499041883607,14.7225678562598,0 -17.2499280780937,14.7225880764881,0 -17.2499500684634,14.7226087533854,0 -17.249969922125,14.7226297365615,0 -17.2499874794661,14.7226508513792,0 -17.2500028917784,14.7226718235017,0 -17.2500163853107,14.7226923552753,0 -17.2500281899879,14.7227121453961,0 -17.2500385320683,14.7227308971139,0 -17.250047640567,14.7227483109404,0 -17.2500557435711,14.7227640873968,0 -17.2500630682394,14.7227779270131,0 -17.2500698168239,14.7227896362744,0 -17.250076086352,14.7227994428321,0 -17.2500819451853,14.7228076758115,0 -17.250087463588,14.7228146688371,0 -17.2500927117873,14.7228207519198,0 -17.2500977590918,14.7228262559827,0 -17.2501026757658,14.7228315146505,0 -17.2501075320277,14.7228368570303,0 -17.2501124074615,14.7228426202702,0 -17.2501174170647,14.7228491547272,0 -17.2501226889136,14.7228568187627,0 -17.250128347344,14.722865968064,0 -17.2501345204046,14.7228769582823,0 -17.2501413333781,14.7228901469027,0 -17.2501489133852,14.7229058895852,0 -17.250157384762,14.722924542017,0 -17.250166827606,14.7229463103286,0 -17.2501771264478,14.7229707980874,0 -17.2501881196947,14.7229974566117,0 -17.2501996448257,14.7230257372293,0 -17.2502115402754,14.723055093969,0 -17.2502236425755,14.7230849763605,0 -17.2502357910887,14.7231148384241,0 -17.2502478223646,14.7231441314964,0 -17.2502596001029,14.7231724195922,0 -17.2502710938003,14.7231997156576,0 -17.2502822973097,14.7232261444399,0 -17.2502932035466,14.7232518297921,0 -17.2503038082205,14.7232768964437,0 -17.2503141051937,14.7233014700455,0 -17.2503240892382,14.7233256744325,0 -17.2503337532789,14.7233496343611,0 -17.250343102643,14.723373416641,0 -17.2503521792529,14.7233968546147,0 -17.2503610355583,14.7234197218891,0 -17.2503697249649,14.7234417947723,0 -17.2503782980752,14.7234628477927,0 -17.2503868092138,14.7234826563461,0 -17.2503953099114,14.7235009949517,0 -17.2504038516985,14.7235176381289,0 -17.250412512783,14.7235324269993,0 -17.2504214668234,14.7235454574562,0 -17.250430911389,14.7235568938293,0 -17.250441044031,14.7235668986414,0 -17.2504520632193,14.7235756335024,0 -17.2504641665143,14.7235832618385,0 -17.2504775523956,14.723589946163,0 -17.2504924193424,14.7235958489895,0 -17.250508890413,14.7236011109761,0 -17.2505267925596,14.7236057862096,0 -17.2505458773131,14.7236099069217,0 -17.250565896186,14.7236135035374,0 -17.2505866025749,14.7236166091737,0 -17.2506077479921,14.7236192542559,0 -17.2506290849063,14.7236214719102,0 -17.250650364839,14.7236232934655,0 -17.2506713541178,14.7236247455887,0 -17.2506918810321,14.7236258317565,0 -17.2507117858833,14.7236265499075,0 -17.250730908982,14.7236268988836,0 -17.2507490934143,14.7236268765966,0 -17.2507661794908,14.7236264818886,0 -17.2507820093787,14.7236257135838,0 -17.2507964224418,14.7236245687265,0 -17.2508093204324,14.7236230627287,0 -17.2508208304291,14.7236212756732,0 -17.2508311428087,14.7236193041943,0 -17.2508404433064,14.7236172449714,0 -17.2508489213616,14.7236151937445,0 -17.2508567627283,14.7236132489997,0 -17.2508641568363,14.7236115055734,0 -17.2508712903495,14.7236100601359,0 -17.2508783007426,14.7236090107392,0 -17.2508851174854,14.7236084502293,0 -17.2508916199581,14.7236084755537,0 -17.2508976884416,14.7236091809401,0 -17.2509032022977,14.7236106615291,0 -17.2509080399601,14.7236130124699,0 -17.2509120817095,14.7236163279907,0 -17.2509152069263,14.7236207050387,0 -17.2509172776794,14.7236261819998,0 -17.2509180907176,14.7236325837578,0 -17.2509174282911,14.7236396793185,0 -17.250915069865,14.7236472377144,0 -17.2509107949228,14.7236550297853,0 -17.250904385696,14.7236628227297,0 -17.2508956216774,14.7236703882906,0 -17.25088428417,14.7236774936754,0 -17.2508702234002,14.7236839280098,0 -17.2508535763255,14.7236895580459,0 -17.2508345496993,14.7236942670242,0 -17.2508133502845,14.7236979390888,0 -17.2507901867287,14.7237004610758,0 -17.250765263929,14.7237017162439,0 -17.2507387914337,14.72370158871,0 -17.2507109741774,14.7236999653467,0 -17.250682096868,14.7236969075362,0 -17.2506527459193,14.723693199265,0 -17.2506235875452,14.7236898017404,0 -17.2505952842555,14.7236876771093,0 -17.250568501326,14.7236877856851,0 -17.2505439012747,14.7236910905192,0 -17.2505221493769,14.7236985519255,0 -17.2505039100072,14.7237111329378,0 -17.2504896476157,14.7237294027855,0 -17.250479029905,14.7237523717166,0 -17.2504715274288,14.7237786552442,0 -17.2504666089121,14.7238068716095,0 -17.2504637439899,14.7238356372376,0 -17.2504624023059,14.7238635694572,0 -17.2504620516563,14.7238892865182,0 -17.2504621625938,14.7239114039333,0 -17.2504623106069,14.7239289021261,0 -17.2504624944651,14.7239422039621,0 -17.2504628196932,14.7239520935859,0 -17.2504633918163,14.723959355142,0 -17.250464316378,14.7239647745818,0 -17.2504656979658,14.7239691351556,0 -17.2504676430516,14.7239732228056,0 -17.2504702571606,14.7239778216765,0 -17.2504735967797,14.7239835510429,0 -17.2504775324719,14.7239903724075,0 -17.2504818848431,14.7239980833157,0 -17.2504864754089,14.724006479497,0 -17.2504911257033,14.7240153584878,0 -17.2504956563226,14.7240245169301,0 -17.2504998906481,14.7240337514388,0 -17.2505036492761,14.724042858656,0 -17.250506806289,14.7240516907227,0 -17.2505094487944,14.724060322689,0 -17.2505117155199,14.7240688842186,0 -17.2505137461404,14.7240775067732,0 -17.2505156803212,14.7240863209107,0 -17.2505176577093,14.7240954553824,0 -17.2505198170603,14.7241050425623,0 -17.2505222980214,14.7241152112017,0 -17.2505252195023,14.724126059533,0 -17.25052861455,14.7241375510938,0 -17.2505324982496,14.7241496179724,0 -17.2505368819547,14.7241621904862,0 -17.2505417807415,14.7241751998202,0 -17.250547205982,14.7241885780987,0 -17.2505531718054,14.7242022547088,0 -17.2505596923779,14.7242161626512,0 -17.2505667890232,14.7242302086547,0 -17.2505745239743,14.7242442150216,0 -17.2505829684688,14.7242579768608,0 -17.2505921928719,14.7242712947109,0 -17.2506022684211,14.7242839636807,0 -17.2506132664003,14.7242957833963,0 -17.2506252571373,14.7243065507824,0 -17.2506383128257,14.724316063649,0 -17.2506524561629,14.7243241817277,0 -17.2506675174325,14.7243310123817,0 -17.2506832792878,14.7243367257812,0 -17.2506995262295,14.7243414911748,0 -17.2507160399827,14.7243454787417,0 -17.2507326041292,14.7243488586431,0 -17.2507490013038,14.7243517992426,0 -17.2507650141695,14.7243544716139,0 -17.2507804099331,14.7243570786049,0 -17.2507948950172,14.7243599609914,0 -17.2508081557471,14.7243634913683,0 -17.2508198830989,14.7243680431892,0 -17.2508297662105,14.7243739917322,0 -17.2508374932547,14.7243817086709,0 -17.2508427542977,14.7243915692748,0 -17.2508452375212,14.7244039461206,0 -17.2508447488132,14.7244190118638,0 -17.2508415592336,14.7244361313957,0 -17.2508360575209,14.7244544669756,0 -17.2508286315041,14.7244731826787,0 -17.2508196689844,14.7244914398698,0 -17.2508095587194,14.7245084026151,0 -17.250798687601,14.7245232340951,0 -17.2507874443687,14.7245350965692,0 -17.2507761724054,14.7245433460937,0 -17.2507650401444,14.7245481120432,0 -17.2507541696781,14.7245497121777,0 -17.2507436850203,14.7245484705634,0 -17.2507337091914,14.7245447049513,0 -17.2507243652675,14.7245387385131,0 -17.2507157772158,14.724530890798,0 -17.2507080680934,14.7245214831708,0 -17.2507013110908,14.7245108627802,0 -17.2506953735165,14.7244994881042,0 -17.2506900746592,14.7244878424828,0 -17.2506852319791,14.7244764119847,0 -17.2506806638458,14.7244656808624,0 -17.250676187701,14.7244561333774,0 -17.2506716228425,14.7244482537733,0 -17.2506667858021,14.7244425281276,0 -17.2506615156516,14.7244392868909,0 -17.2506557381043,14.7244382570149,0 -17.2506493976824,14.7244390080536,0 -17.2506424389448,14.724441113175,0 -17.2506348082979,14.7244441446253,0 -17.2506264502916,14.7244476746688,0 -17.2506173103855,14.724451273754,0 -17.2506073331481,14.7244545159521,0 -17.2505965121504,14.7244570462369,0 -17.2505850250358,14.7244588059587,0 -17.250573096603,14.724459808292,0 -17.2505609544632,14.7244600690945,0 -17.2505488224961,14.7244596024533,0 -17.2505369264472,14.7244584233409,0 -17.2505254920526,14.7244565458263,0 -17.2505147450578,14.7244539848821,0 -17.2505048849665,14.7244507313407,0 -17.2504960081527,14.7244466776483,0 -17.250488186633,14.7244416948032,0 -17.2504814914772,14.7244356520058,0 -17.2504759928269,14.7244284184656,0 -17.250471761761,14.7244198642864,0 -17.2504688702868,14.7244098595631,0 -17.2504673894739,14.7243982734959,0 -17.250467321495,14.7243850464308,0 -17.2504684003336,14.7243704005122,0 -17.250470291067,14.7243546281268,0 -17.2504726578444,14.7243380216701,0 -17.2504751657617,14.7243208753356,0 -17.2504774808157,14.7243034805972,0 -17.2504792662274,14.7242861298596,0 -17.2504801889406,14.7242691163948,0 -17.2504799767565,14.7242526931275,0 -17.2504786110904,14.7242369487846,0 -17.2504761370279,14.7242219344291,0 -17.2504725996359,14.7242076993174,0 -17.2504680439814,14.7241942927053,0 -17.2504625160781,14.7241817656471,0 -17.2504560591269,14.7241701665134,0 -17.2504487200698,14.7241595463492,0 -17.2504405765752,14.7241498745828,0 -17.2504318422693,14.7241407994701,0 -17.2504227643178,14.7241318903335,0 -17.250413588039,14.7241227174171,0 -17.250404562455,14.7241128500253,0 -17.2503959319282,14.7241018557009,0 -17.2503879445525,14.7240893037574,0 -17.2503808475029,14.724074764421,0 -17.2503748151024,14.7240579459629,0 -17.2503697358906,14.724039114202,0 -17.2503654274304,14.7240186747911,0 -17.2503617054185,14.7239970324978,0 -17.2503583864894,14.7239745929838,0 -17.2503552882059,14.7239517619019,0 -17.2503522262741,14.7239289449231,0 -17.2503490191757,14.7239065467876,0 -17.2503455183652,14.7238849285456,0 -17.2503417275531,14.7238642708677,0 -17.2503376843327,14.7238447089184,0 -17.250333428172,14.7238263796512,0 -17.2503289966545,14.7238094173272,0 -17.2503244301674,14.7237939579873,0 -17.2503197663128,14.7237801376996,0 -17.2503150436211,14.723768092523,0 -17.2503102843786,14.7237579134979,0 -17.2503054393882,14.7237495107491,0 -17.2503004423085,14.7237427521021,0 -17.2502952267794,14.7237375035755,0 -17.250289728288,14.7237336302663,0 -17.2502838786457,14.7237310009215,0 -17.2502776124021,14.7237294797437,0 -17.2502708632251,14.7237289354618,0 -17.2502636165706,14.7237292173271,0 -17.2502560532208,14.7237301202872,0 -17.250248409478,14.7237314215832,0 -17.2502409179495,14.7237329002991,0 -17.2502338121437,14.7237343327994,0 -17.2502273256148,14.7237354999661,0 -17.2502216918711,14.7237361781639,0 -17.2502171462958,14.7237361455462,0 -17.2502138728084,14.7237352313648,0 -17.2502118679927,14.7237334645659,0 -17.2502110806443,14.7237309215441,0 -17.2502114586774,14.7237276832201,0 -17.2502129508876,14.7237238259886,0 -17.2502155042513,14.7237194298756,0 -17.2502190685019,14.7237145721703,0 -17.250223591544,14.7237093328897,0 -17.2502290100966,14.7237037876423,0 -17.2502352162015,14.7236980007247,0 -17.2502420926272,14.7236920374271,0 -17.2502495193388,14.7236859612602,0 -17.2502573781394,14.7236798339093,0 -17.2502655490128,14.7236737206921,0 -17.2502739146904,14.7236676832849,0 -17.2502823560842,14.7236617869963,0 -17.2502907203551,14.7236560649354,0 -17.2502987198161,14.7236504367737,0 -17.2503060339855,14.7236447926846,0 -17.2503123405154,14.7236390219564,0 -17.2503173189239,14.7236330147625,0 -17.2503206487292,14.7236266612766,0 -17.2503220075929,14.7236198516904,0 -17.2503210741143,14.7236124770897,0 -17.2503176283807,14.7236043670373,0 -17.2503118492183,14.7235951258543,0 -17.2503040178515,14.7235842945225,0 -17.2502944118376,14.7235714185771,0 -17.2502833124104,14.7235560399033,0 -17.2502709989656,14.7235377022114,0 -17.2502577509085,14.723515950115,0 -17.2502438485543,14.7234903264119,0 -17.2502295230639,14.723460559602,0 -17.2502148052786,14.7234271219334,0 -17.2501996796697,14.7233906713289,0 -17.2501841288338,14.723351863923,0 -17.2501681363136,14.7233113576475,0 -17.2501516847237,14.7232698104437,0 -17.2501347575972,14.7232278793403,0 -17.2501173384578,14.7231862204625,0 -17.2500994303608,14.7231454030065,0 -17.2500811153059,14.7231056376023,0 -17.2500624985005,14.7230670443007,0 -17.2500436814665,14.723029745899,0 -17.2500247675453,14.7229938615629,0 -17.2500058619624,14.7229595131503,0 -17.2499870653021,14.7229268225643,0 -17.249968482771,14.7228959098562,0 -17.2499501892492,14.7228669251884,0 -17.2499321530967,14.7228401327003,0 -17.2499143142126,14.7228158275283,0 -17.2498966124774,14.7227943030015,0 -17.2498789886904,14.7227758515367,0 -17.2498613836787,14.7227607682612,0 -17.2498437363852,14.7227493456096,0 -17.2498259885557,14.7227418777967,0 -17.2498081234976,14.7227384571451,0 -17.2497902963988,14.7227383746802,0 -17.2497727086686,14.722740721297,0 -17.2497555589134,14.7227445861108,0 -17.2497390466681,14.722749058228,0 -17.2497233733524,14.7227532294471,0 -17.2497087366361,14.7227561879891,0 -17.249695337011,14.7227570256615,0 -17.2496832580237,14.7227550179224,0 -17.2496721211293,14.7227501865206,0 -17.2496614327497,14.7227427422581,0 -17.2496506964939,14.7227328932535,0 -17.249639417837,14.7227208485103,0 -17.2496271031822,14.7227068170234,0 -17.2496132570952,14.722691009612,0 -17.2495973859515,14.7226736325604,0 -17.2495791762639,14.7226549861764,0 -17.2495590469276,14.722635724162,0 -17.2495376015694,14.722616589681,0 -17.2495154391739,14.7225983259427,0 -17.2494931624477,14.7225816770241,0 -17.2494713740878,14.722567386099,0 -17.2494506730774,14.7225561963774,0 -17.2494316630502,14.7225488519283,0 -17.2494147963194,14.7225458254235,0 -17.2493999339343,14.7225465128459,0 -17.2493867893186,14.7225500369383,0 -17.2493750759337,14.722555524057,0 -17.2493645062851,14.7225620978568,0 -17.2493547929061,14.722568884703,0 -17.2493456492216,14.7225750073378,0 -17.249336787765,14.7225795921262,0 -17.2493279039303,14.7225819950972,0 -17.2493186209222,14.7225824991035,0 -17.2493085420577,14.7225816203027,0 -17.2492972725009,14.7225798739308,0 -17.2492844164787,14.7225777743293,0 -17.2492695782359,14.7225758376465,0 -17.249252361999,14.7225745782237,0 -17.2492323738599,14.7225745112873,0 -17.2492093816535,14.7225759914705,0 -17.2491838149652,14.722578723661,0 -17.2491562688463,14.7225822530211,0 -17.2491273355539,14.7225861238366,0 -17.2490976119872,14.7225898803486,0 -17.249067689485,14.7225930677558,0 -17.2490381640187,14.7225952303089,0 -17.2490096287751,14.7225959122858,0 -17.2489825268114,14.7225947741716,0 -17.2489566904354,14.722591939573,0 -17.2489317990587,14.7225876501374,0 -17.2489075339398,14.7225821465906,0 -17.2488835763188,14.7225756678514,0 -17.2488596046784,14.7225684555759,0 -17.2488353021244,14.7225607495682,0 -17.2488103471208,14.7225527896772,0 -17.2487845406344,14.7225448118512,0 -17.2487581633207,14.7225370256945,0 -17.2487316174001,14.7225296360167,0 -17.2487053022988,14.722522846751,0 -17.2486796202556,14.7225168645144,0 -17.2486549706873,14.7225118923372,0 -17.2486317548949,14.7225081359421,0 -17.2486103750798,14.7225057983327,0 -17.2485911270196,14.7225050248166,0 -17.2485738926692,14.7225057108273,0 -17.2485584484695,14.7225076922862,0 -17.2485445726996,14.7225108032896,0 -17.2485320418098,14.7225148806622,0 -17.2485206340793,14.7225197585,0 -17.2485101259493,14.7225252727242,0 -17.2485002947798,14.7225312583431,0 -17.2484909404874,14.7225375772523,0 -17.2484819504466,14.7225442007289,0 -17.2484732355351,14.7225511287349,0 -17.2484647065936,14.7225583576186,0 -17.2484562717056,14.7225658864657,0 -17.2484478426584,14.7225737134221,0 -17.2484393293921,14.7225818375555,0 -17.2484306418374,14.7225902570299,0 -17.2484217196945,14.7225989760451,0 -17.2484126189923,14.7226080265842,0 -17.2484034255477,14.7226174484728,0 -17.2483942251404,14.7226272779228,0 -17.2483851017309,14.7226375547779,0 -17.248376142974,14.7226483170387,0 -17.2483674337397,14.7226596027332,0 -17.2483590598358,14.7226714507836,0 -17.2483510526934,14.7226838482352,0 -17.2483432281225,14.7226965773178,0 -17.2483353494224,14.7227093692698,0 -17.2483271780451,14.722721956251,0 -17.2483184772898,14.7227340694995,0 -17.2483090095274,14.7227454402627,0 -17.2482985371288,14.7227557997877,0 -17.2482868224651,14.7227648793217,0 -17.2482737216596,14.7227724995547,0 -17.2482594713226,14.7227788298604,0 -17.2482443999604,14.7227841290734,0 -17.2482288370259,14.7227886578265,0 -17.2482131128633,14.7227926731295,0 -17.2481975569255,14.7227964356155,0 -17.2481824977188,14.7228002041192,0 -17.2481682655965,14.7228042365546,0 -17.2481551254427,14.7228087435838,0 -17.2481430867622,14.7228137467994,0 -17.248132092607,14.7228192151309,0 -17.2481220870034,14.7228251220159,0 -17.2481130157974,14.7228314372603,0 -17.2481048211496,14.7228381334163,0 -17.2480974479962,14.7228451821054,0 -17.2480908412548,14.7228525531425,0 -17.2480849504938,14.7228602172005,0 -17.2480797464924,14.7228681311938,0 -17.248075208366,14.7228762501484,0 -17.2480713124541,14.7228845300209,0 -17.2480680359969,14.7228929240484,0 -17.2480653572001,14.722901389073,0 -17.2480632533036,14.7229098783319,0 -17.2480617015848,14.722918348676,0 -17.2480606263449,14.7229267511461,0 -17.2480597400747,14.7229350225758,0 -17.2480587014161,14.7229430994182,0 -17.2480571689833,14.7229509154161,0 -17.2480548023188,14.722958404303,0 -17.2480512591269,14.7229655016378,0 -17.2480461998781,14.7229721411449,0 -17.2480392822769,14.722978258383,0 -17.2480303087139,14.7229838661131,0 -17.2480196566597,14.7229892904598,0 -17.2480078473614,14.7229949365664,0 -17.2479954020662,14.7230012095762,0 -17.2479828401648,14.7230085146507,0 -17.2479706838325,14.7230172569244,0 -17.2479594533977,14.7230278424534,0 -17.2479496700982,14.723040675478,0 -17.2479417226387,14.7230560006962,0 -17.2479354751497,14.7230734236792,0 -17.2479306573623,14.7230923895705,0 -17.2479270027302,14.7231123443808,0 -17.2479242428223,14.7231327314286,0 -17.2479221083165,14.7231529976551,0 -17.2479203308002,14.7231725881855,0 -17.2479186427707,14.7231909463293,0 -17.2479168264021,14.7232076522508,0 -17.2479148735417,14.7232228162604,0 -17.247912827552,14.7232366836985,0 -17.2479107290014,14.723249499029,0 -17.2479086230999,14.723261506671,0 -17.2479065504067,14.7232729501848,0 -17.2479045552126,14.723284074902,0 -17.247902679952,14.7232951261719,0 -17.2479010008864,14.7233062984175,0 -17.2478997324172,14.7233175868465,0 -17.2478991200349,14.7233289402843,0 -17.2478994129241,14.7233403057136,0 -17.2479008583947,14.7233516283279,0 -17.2479037037937,14.7233628569348,0 -17.2479081955211,14.7233739385437,0 -17.2479145818153,14.723384818339,0 -17.2479229969231,14.723395460683,0 -17.2479331198777,14.723405889473,0 -17.2479445184596,14.72341614324,0 -17.2479567567546,14.7234262623579,0 -17.2479694034805,14.7234362862521,0 -17.2479820245794,14.7234462552786,0 -17.2479941850466,14.7234562079959,0 -17.2480054517525,14.723466184751,0 -17.2480154654097,14.7234762748687,0 -17.2480241566142,14.7234867717683,0 -17.248031531642,14.7234980160216,0 -17.2480375940032,14.7235103500343,0 -17.2480423490828,14.7235241180008,0 -17.2480458022289,14.7235396605018,0 -17.2480479588173,14.7235573208284,0 -17.2480488232769,14.7235774404736,0 -17.2480484023697,14.7236002262813,0 -17.2480467102038,14.7236253338678,0 -17.2480437641578,14.7236522850947,0 -17.2480395788071,14.7236806000435,0 -17.2480341705742,14.7237097978744,0 -17.2480275568468,14.7237394013522,0 -17.2480197512625,14.7237689296642,0 -17.2480107721098,14.7237979028558,0 -17.2480006757894,14.7238259363771,0 -17.2479896831452,14.7238530199517,0 -17.2479780559184,14.7238792386807,0 -17.2479660558412,14.7239046767619,0 -17.247953944655,14.7239294192965,0 -17.2479419859396,14.7239535495609,0 -17.2479304395893,14.7239771535778,0 -17.2479195682465,14.7240003137292,0 -17.2479097286885,14.7240231485281,0 -17.2479016539909,14.7240458975213,0 -17.247896173184,14.7240688327545,0 -17.2478941162547,14.724092228975,0 -17.2478963094306,14.7241163564487,0 -17.2479035826993,14.7241414899222,0 -17.2479167632177,14.7241678996515,0 -17.2479366819026,14.7241958603733,0 -17.2479638428027,14.7242255478977,0 -17.2479974676934,14.724256755641,0 -17.2480364552308,14.724289181672,0 -17.2480797012948,14.7243225249902,0 -17.2481261054593,14.7243564827531,0 -17.2481745663783,14.7243907530313,0 -17.2482239808484,14.7244250339143,0 -17.2482732475218,14.7244590234749,0 -17.2483214380974,14.7244924560545,0 -17.2483683155153,14.7245252092687,0 -17.2484138148255,14.7245571961065,0 -17.2484578720245,14.7245883313545,0 -17.2485004240277,14.7246185288874,0 -17.2485414068132,14.724647701685,0 -17.2485807545113,14.7246757636491,0 -17.2486184049657,14.7247026286449,0 -17.248654338348,14.724728264339,0 -17.2486887161355,14.7247528462564,0 -17.2487217430621,14.7247766037139,0 -17.2487536248089,14.7247997678258,0 -17.2487845670291,14.7248225669963,0 -17.2488147772516,14.7248452314179,0 -17.2488444583639,14.7248679913282,0 -17.2488738178674,14.7248910742092,0 -17.2489030171204,14.7249146438403,0 -17.2489320345428,14.7249385874893,0 -17.2489608089001,14.724962727755,0 -17.2489892733598,14.7249868845801,0 -17.2490173657496,14.7250108796689,0 -17.2490450211028,14.7250345338495,0 -17.2490721763183,14.7250576688356,0 -17.2490987664199,14.7250801045518,0 -17.2491247468812,14.7251016634349,0 -17.2491501549282,14.725122173452,0 -17.2491750463619,14.7251414632933,0 -17.2491994779205,14.7251593625434,0 -17.2492235063144,14.7251756980765,0 -17.249247186444,14.7251903013021,0 -17.2492705759477,14.7252029990854,0 -17.2492937306448,14.7252136219234,0 -17.2493167027324,14.7252220997369,0 -17.2493395236169,14.7252287791779,0 -17.2493622210735,14.7252341054188,0 -17.2493848238339,14.7252385263331,0 -17.2494073587827,14.725242490716,0 -17.249429853705,14.7252464446431,0 -17.2494523354674,14.7252508351026,0 -17.2494748328021,14.7252561099679,0 -17.2494973568059,14.7252626269305,0 -17.24951985726,14.725270377443,0 -17.2495422682031,14.7252792663718,0 -17.2495645226995,14.7252891940752,0 -17.2495865538595,14.7253000654286,0 -17.2496082956941,14.7253117825882,0 -17.2496296822048,14.7253242468067,0 -17.2496506465019,14.7253373629597,0 -17.2496710533094,14.7253510664041,0 -17.2496904884218,14.7253654325447,0 -17.2497084711131,14.7253805681529,0 -17.2497245160344,14.7253965818526,0 -17.2497381424779,14.7254135822224,0 -17.2497488669417,14.7254316769648,0 -17.2497562077895,14.7254509746676,0 -17.2497596805998,14.7254715839456,0 -17.2497588713352,14.7254934157593,0 -17.2497536327088,14.7255155969198,0 -17.2497438850329,14.7255370566106,0 -17.2497295477009,14.7255567249276,0 -17.249710541954,14.7255735310447,0 -17.2496867862583,14.725586405066,0 -17.2496582018749,14.7255942779715,0 -17.2496247091006,14.7255960771359,0 -17.2495864609363,14.7255911514291,0 -17.249544542856,14.7255805167137,0 -17.2495002748367,14.7255656049101,0 -17.249454975026,14.725547850668,0 -17.2494099624701,14.7255286859192,0 -17.2493665562326,14.7255095444034,0 -17.2493260763038,14.7254918598526,0 -17.2492898408158,14.7254770660179,0 -17.2492588711722,14.7254663591944,0 -17.2492330020316,14.7254600021125,0 -17.2492117694501,14.7254580182562,0 -17.2491947085933,14.7254604347319,0 -17.2491813574027,14.7254672777152,0 -17.2491712510077,14.7254785706977,0 -17.2491639264315,14.7254943407668,0 -17.2491589206791,14.7255146132026,0 -17.2491558090958,14.7255392593118,0 -17.2491543286875,14.7255675290061,0 -17.2491542594692,14.7255985208892,0 -17.2491553767683,14.7256313290923,0 -17.2491574587433,14.7256650522371,0 -17.2491602835153,14.7256987853315,0 -17.2491636292236,14.7257316251902,0 -17.249167272151,14.7257626686461,0 -17.2491711115722,14.7257912372204,0 -17.2491755266929,14.7258175540155,0 -17.2491810187833,14.7258420668312,0 -17.2491880872571,14.725865223485,0 -17.249197232466,14.7258874726891,0 -17.2492089566092,14.7259092622335,0 -17.2492237572447,14.7259310399537,0 -17.2492421375097,14.7259532545337,0 -17.2492644262328,14.7259761955223,0 -17.2492902782975,14.7259995238323,0 -17.2493191779628,14.7260227384954,0 -17.2493506086055,14.7260453430692,0 -17.2493840545025,14.7260668383925,0 -17.2494190008674,14.726086726199,0 -17.2494549301194,14.7261045073459,0 -17.249491327471,14.7261196835677,0 -17.2495277945928,14.7261319777363,0 -17.2495644008071,14.7261419936423,0 -17.2496013328421,14.7261505580111,0 -17.2496387774078,14.7261584957614,0 -17.2496769221617,14.7261666336093,0 -17.2497159537966,14.7261757946659,0 -17.2497560590615,14.726186807463,0 -17.2497974246597,14.7262004960146,0 -17.2498400013301,14.7262174878509,0 -17.2498827978083,14.7262376245487,0 -17.2499245849426,14.726260544896,0 -17.2499641345647,14.7262858930932,0 -17.2500002175401,14.7263133097372,0 -17.2500316065989,14.7263424363107,0 -17.2500570735607,14.7263729161132,0 -17.2500753892787,14.7264043888396,0 -17.2500857250641,14.7264364360799,0 -17.2500888538887,14.7264683898389,0 -17.2500859482093,14.7264995195071,0 -17.2500781786638,14.7265290981067,0 -17.2500667186388,14.7265563950184,0 -17.2500527396745,14.7265806805445,0 -17.2500374142495,14.7266012258816,0 -17.2500219139149,14.7266173022356,0 -17.2500072172407,14.7266283733339,0 -17.2499935189404,14.7266346866591,0 -17.2499808225924,14.7266366812935,0 -17.2499691290091,14.7266347981537,0 -17.2499584408403,14.7266294763312,0 -17.2499487588978,14.7266211567423,0 -17.2499400867689,14.726610279373,0 -17.2499324243368,14.7265972851489,0 -17.2499256568985,14.7265825763537,0 -17.2499191974917,14.7265664017436,0 -17.2499123418391,14.7265489768805,0 -17.249904385617,14.726530512809,0 -17.2498946235924,14.7265112223896,0 -17.2498823524074,14.7264913202715,0 -17.2498668658733,14.7264710166133,0 -17.2498474615609,14.7264505260544,0 -17.249823715106,14.7264301102256,0 -17.2497963293853,14.7264102312274,0 -17.2497662899995,14.726391399914,0 -17.2497345788449,14.7263741280799,0 -17.2497021815117,14.7263589256768,0 -17.2496700817517,14.7263463044822,0 -17.2496392642441,14.7263367762652,0 -17.2496107127307,14.7263308519009,0 -17.2495851921895,14.7263288031477,0 -17.2495625972605,14.726329952477,0 -17.2495426019269,14.7263333796469,0 -17.2495248802004,14.7263381671254,0 -17.2495091060931,14.7263433973806,0 -17.2494949554645,14.7263481519587,0 -17.2494821023178,14.7263515124238,0 -17.2494702206655,14.7263525612433,0 -17.2494589933542,14.7263506084893,0 -17.2494481265533,14.72634588019,0 -17.2494373380232,14.726338827241,0 -17.2494263409293,14.7263299051001,0 -17.2494148512028,14.7263195673911,0 -17.2494025838284,14.7263082659398,0 -17.2493892547467,14.7262964552734,0 -17.2493745780325,14.7262845890335,0 -17.2493583679788,14.7262730259203,0 -17.2493408324267,14.7262617548783,0 -17.2493222784893,14.726250668113,0 -17.2493030114504,14.7262396605581,0 -17.249283337513,14.7262286262353,0 -17.2492635647274,14.7262174582445,0 -17.2492439974308,14.726206049722,0 -17.2492249437013,14.7261942964786,0 -17.2492066950747,14.7261821107492,0 -17.2491894929121,14.7261694910923,0 -17.2491735620326,14.7261564524909,0 -17.2491591300675,14.7261430126109,0 -17.24914642372,14.7261291891277,0 -17.2491356678274,14.7261149988312,0 -17.2491270890741,14.7261004575897,0 -17.2491209151005,14.7260855839728,0 -17.2491172456303,14.726070415864,0 -17.2491156753477,14.7260550809856,0 -17.2491156729327,14.7260397317765,0 -17.2491167070281,14.7260245170615,0 -17.2491182472238,14.7260095874633,0 -17.249119760325,14.7259950936316,0 -17.2491207177785,14.7259811861712,0 -17.2491205863712,14.7259680139249,0 -17.249118968568,14.7259556485203,0 -17.2491160010158,14.7259438356401,0 -17.2491119532356,14.7259322419722,0 -17.2491070938112,14.7259205333098,0 -17.2491016931735,14.7259083745248,0 -17.2490960208622,14.7258954341119,0 -17.2490903463708,14.7258813760486,0 -17.2490849383013,14.7258658679352,0 -17.2490800023279,14.7258485969576,0 -17.2490754795646,14.7258293432258,0 -17.2490712482345,14.7258079100491,0 -17.24906718282,14.7257840980625,0 -17.2490631624725,14.7257577105663,0 -17.2490590626121,14.7257285490898,0 -17.2490547605339,14.7256964169513,0 -17.2490501335054,14.7256611147588,0 -17.2490450672662,14.7256226354904,0 -17.2490394850355,14.7255817298252,0 -17.249033322199,14.7255393389696,0 -17.2490265104104,14.7254964023593,0 -17.2490189832171,14.7254538630257,0 -17.249010675048,14.725412659474,0 -17.2490015175842,14.72537373385,0 -17.2489914462012,14.725338026457,0 -17.2489804040571,14.7253062407964,0 -17.2489683858092,14.7252781275448,0 -17.2489553957544,14.7252532005589,0 -17.2489414391366,14.7252309754936,0 -17.248926519306,14.7252109644077,0 -17.2489106433448,14.7251926811311,0 -17.248893813703,14.725175640442,0 -17.2488760374629,14.7251593561701,0 -17.2488572773446,14.7251433615503,0 -17.2488373353548,14.7251272699862,0 -17.2488159700665,14.7251107142773,0 -17.2487929419003,14.7250933263017,0 -17.2487680103576,14.7250747388496,0 -17.2487409368064,14.7250545855966,0 -17.2487114807397,14.725032498429,0 -17.248679400732,14.7250081101456,0 -17.2486444764379,14.7249811174908,0 -17.2486065541855,14.7249514722614,0 -17.248565498607,14.7249191911304,0 -17.24852117712,14.7248842907438,0 -17.2484734534106,14.7248467859762,0 -17.2484221930404,14.724806693491,0 -17.2483672624994,14.724764029942,0 -17.2483085245557,14.7247188111155,0 -17.2482460980633,14.724671310528,0 -17.2481811021386,14.7246228382749,0 -17.2481149082307,14.7245749586063,0 -17.2480488887604,14.7245292402823,0 -17.2479844142518,14.7244872484696,0 -17.2479228561731,14.7244505501343,0 -17.2478655869185,14.7244207122356,0 -17.247813977015,14.7243993008484,0 -17.247769051535,14.7243874191792,0 -17.2477304481494,14.7243843172028,0 -17.2476974590594,14.7243887802165,0 -17.247669375549,14.7243995944288,0 -17.2476454879938,14.7244155478634,0 -17.24762508859,14.7244354249112,0 -17.2476074686245,14.7244580117786,0 -17.2475919184654,14.7244820955842,0 -17.2475778169307,14.7245066694969,0 -17.2475648827964,14.7245315591546,0 -17.2475529232976,14.7245567971489,0 -17.2475417447592,14.7245824178878,0 -17.2475311516313,14.72460845399,0 -17.2475209511578,14.7246349389507,0 -17.247510949645,14.7246619053706,0 -17.24750095248,14.724689386763,0 -17.2474908295568,14.7247173699345,0 -17.2474806994856,14.7247456522452,0 -17.2474707444829,14.7247739870682,0 -17.2474611485941,14.7248021250481,0 -17.2474520912327,14.724829817778,0 -17.2474437573913,14.7248568177006,0 -17.2474363283493,14.7248828772943,0 -17.2474299862867,14.7249077463185,0 -17.2474248664749,14.7249313078075,0 -17.2474209181833,14.7249539561949,0 -17.2474180419069,14.7249762183041,0 -17.2474161418351,14.7249986191155,0 -17.2474151175064,14.7250216827511,0 -17.2474148712722,14.725045936016,0 -17.2474153063935,14.7250719038997,0 -17.2474163224276,14.7251001123311,0 -17.2474176801329,14.7251308599921,0 -17.2474185722057,14.7251635493523,0 -17.2474180469639,14.725197354785,0 -17.2474151555284,14.7252314524438,0 -17.2474089471623,14.7252650184999,0 -17.2473984729759,14.7252972282032,0 -17.2473827803659,14.7253272568392,0 -17.2473609223074,14.725354280542,0 -17.2473468533106,14.7253870175711,0 -17.2473396314771,14.7254291291598,0 -17.2473382589035,14.7254781782239,0 -17.2473417386517,14.7255317312839,0 -17.2473490737551,14.7255873521493,0 -17.2473592672553,14.7256426055334,0 -17.2473713231293,14.725695057044,0 -17.2473842425584,14.7257422714131,0 -17.2473972015392,14.7257823845168,0 -17.2474100660905,14.7258158205104,0 -17.2474228724075,14.725843574738,0 -17.2474356594704,14.7258666425167,0 -17.247448465341,14.7258860200758,0 -17.2474613261967,14.7259027009523,0 -17.2474742810469,14.7259176831734,0 -17.2474873669886,14.7259319593637,0 -17.2475006026232,14.7259463479449,0 -17.247513925791,14.7259609434882,0 -17.2475272567365,14.7259756636428,0 -17.2475405147483,14.7259904233565,0 -17.2475536172951,14.726005141209,0 -17.2475664855219,14.7260197321303,0 -17.2475790378165,14.7260341137877,0 -17.2475911934765,14.7260482020325,0 -17.2476029164677,14.726061923125,0 -17.2476143549254,14.7260752376783,0 -17.2476257007435,14.7260881185303,0 -17.2476371466978,14.7261005339923,0 -17.2476488856199,14.7261124577966,0 -17.2476611093667,14.726123859167,0 -17.247674011661,14.7261347082128,0 -17.2476877843968,14.7261449777714,0 -17.2477025609681,14.7261546394414,0 -17.2477182362481,14.726163671655,0 -17.2477346475566,14.7261720534035,0 -17.2477516303754,14.7261797655029,0 -17.2477690220243,14.7261867869446,0 -17.247786657985,14.7261930985449,0 -17.2478043746583,14.7261986802075,0 -17.2478220084263,14.7262035100294,0 -17.2478394165565,14.7262076110817,0 -17.2478565405816,14.7262111664462,0 -17.247873345686,14.7262144023446,0 -17.2478897942695,14.7262175450259,0 -17.2479058496506,14.7262208198263,0 -17.2479214760858,14.7262244529768,0 -17.2479366359657,14.7262286698228,0 -17.2479512935374,14.7262336956915,0 -17.2479654356623,14.7262396978646,0 -17.2479791460913,14.726246605053,0 -17.2479925302518,14.7262542870276,0 -17.2480056963654,14.7262626144355,0 -17.2480187507692,14.7262714552313,0 -17.2480317998373,14.7262806809838,0 -17.2480449517727,14.726290160533,0 -17.2480583120027,14.7262997636496,0 -17.2480719610394,14.7263093748027,0 -17.2480858666728,14.7263189310578,0 -17.2480999708681,14.7263283859945,0 -17.2481142155625,14.7263376904825,0 -17.2481285408646,14.7263467981196,0 -17.2481428887208,14.7263556606788,0 -17.2481572010683,14.7263642290296,0 -17.2481714180157,14.72637245677,0 -17.2481854852872,14.726380301961,0 -17.2481993609251,14.7263877469397,0 -17.2482130067586,14.7263947812342,0 -17.248226383698,14.7264013952855,0 -17.248239453545,14.7264075759116,0 -17.2482521781381,14.7264133135444,0 -17.2482645183691,14.7264185968179,0 -17.2482764360766,14.726423416164,0 -17.248287922061,14.7264277798038,0 -17.2482990785052,14.7264317843267,0 -17.2483100375007,14.7264355459091,0 -17.2483209302108,14.7264391807365,0 -17.2483318896552,14.7264428049762,0 -17.2483430451409,14.7264465348317,0 -17.2483545296876,14.7264504864702,0 -17.2483664753963,14.7264547769716,0 -17.2483789676114,14.726459490439,0 -17.2483919140256,14.7264645880134,0 -17.2484051764943,14.7264699969469,0 -17.2484186159721,14.7264756472107,0 -17.2484320943142,14.726481466057,0 -17.248445474341,14.7264873843428,0 -17.2484586160418,14.7264933284346,0 -17.2484713822372,14.7264992291894,0 -17.2484836664083,14.7265050198771,0 -17.2484954857848,14.7265106605747,0 -17.2485068901508,14.7265161173681,0 -17.2485179274154,14.726521354554,0 -17.2485286473813,14.726526340025,0 -17.2485390998048,14.7265310371565,0 -17.2485493335511,14.7265354129466,0 -17.2485593974668,14.7265394325864,0 -17.2485693544338,14.7265430719733,0 -17.2485793178225,14.726546341752,0 -17.2485894159853,14.7265492650708,0 -17.2485997763096,14.7265518614737,0 -17.2486105262196,14.7265541541181,0 -17.2486217940492,14.7265561643455,0 -17.2486337062668,14.7265579126122,0 -17.2486463902964,14.7265594220754,0 -17.2486599461311,14.7265607568182,0 -17.248674353075,14.7265621618992,0 -17.2486895630008,14.7265639233025,0 -17.2487055278184,14.726566330626,0 -17.2487222003478,14.7265696716517,0 -17.2487395296863,14.7265742332943,0 -17.2487574705199,14.7265803042211,0 -17.2487759719463,14.7265881713467,0 -17.2487949851346,14.7265980519935,0 -17.2488144545944,14.7266098762248,0 -17.248834324112,14.7266235036351,0 -17.2488545346986,14.7266387947498,0 -17.2488750310503,14.7266556073476,0 -17.2488957551063,14.7266738019447,0 -17.2489166497061,14.726693236338,0 -17.2489376586546,14.7267137719292,0 -17.2489587322638,14.7267352709603,0 -17.2489798562777,14.7267576106891,0 -17.2490010220471,14.7267806719333,0 -17.2490222227977,14.7268043372991,0 -17.2490434517367,14.726828487586,0 -17.2490647011431,14.7268530036027,0 -17.2490859642331,14.7268777670521,0 -17.2491072342138,14.7269026587336,0 -17.2491285042458,14.7269275549297,0 -17.2491497746934,14.7269523101678,0 -17.249171045884,14.7269767753618,0 -17.2491923181354,14.7270008005219,0 -17.2492135926751,14.7270242338425,0 -17.2492348716867,14.7270469262195,0 -17.2492561536222,14.7270687267778,0 -17.2492774406649,14.727089486413,0 -17.2492986631578,14.7271091118348,0 -17.2493194650566,14.7271277375156,0 -17.2493394222175,14.727145556416,0 -17.2493581086308,14.7271627606114,0 -17.2493751001433,14.7271795421591,0 -17.2493899698262,14.7271960940473,0 -17.2494022935172,14.72721260743,0 -17.2494116452248,14.7272292761899,0 -17.2494177567853,14.7272462041292,0 -17.2494209868798,14.7272631519403,0 -17.2494218529641,14.7272797920329,0 -17.2494208706188,14.7272957950277,0 -17.2494185554525,14.7273108342559,0 -17.2494154249216,14.7273245821271,0 -17.2494119955446,14.7273367101563,0 -17.2494087829309,14.7273468916746,0 -17.2494061657106,14.7273549314532,0 -17.2494039802508,14.7273611681002,0 -17.2494019213072,14.7273660726128,0 -17.2493996864298,14.7273701168641,0 -17.2493969740965,14.7273737727185,0 -17.2493934799728,14.7273775093569,0 -17.249388900708,14.727381801372,0 -17.2493829356712,14.7273871170053,0 -17.2493753843017,14.7273938151015,0 -17.2493664711335,14.7274017922827,0 -17.2493565225625,14.7274108294321,0 -17.2493458659408,14.7274207101344,0 -17.2493348276737,14.7274312161764,0 -17.2493237369516,14.7274421293179,0 -17.249312919261,14.7274532322583,0 -17.2493027028642,14.7274643067664,0 -17.2492932653795,14.7274752914831,0 -17.2492841892854,14.7274867533674,0 -17.2492749054784,14.7274994153556,0 -17.2492648476214,14.7275139985501,0 -17.2492534456821,14.7275312258962,0 -17.2492401342787,14.7275518211973,0 -17.2492243442971,14.7275765064861,0 -17.2492055084793,14.727606003777,0 -17.2491831678023,14.7276405452208,0 -17.2491573007168,14.7276783926274,0 -17.2491279948196,14.727717316127,0 -17.2490953368079,14.7277550885692,0 -17.2490594161188,14.7277894782587,0 -17.2490203176049,14.7278182589659,0 -17.2489781307065,14.7278391989949,0 -17.2489329421094,14.7278500693871,0 -17.2489034466337,14.7278406538417,0</coordinates></LinearRing></outerBoundaryIs><innerBoundaryIs><LinearRing><coordinates>-17.2489766176009,14.7277015675539,0 -17.2490039209604,14.7276838143511,0 -17.2490217479045,14.7276861945116,0 -17.2490423311378,14.7276790671076,0 -17.2490650339528,14.7276638957257,0 -17.2490892178043,14.7276421457776,0 -17.2491142431919,14.7276152799738,0 -17.2491394734189,14.7275847628048,0 -17.2491642699334,14.7275520587794,0 -17.2491879941751,14.727518631503,0 -17.2492100242144,14.7274856652275,0 -17.2492298008915,14.7274532232133,0 -17.2492467788642,14.7274210866842,0 -17.2492604146749,14.7273890395561,0 -17.2492701657853,14.7273568648325,0 -17.2492754859256,14.727324343746,0 -17.2492758335049,14.7272912610977,0 -17.2492706641015,14.727257397198,0 -17.2492596375424,14.727222623436,0 -17.2492432369875,14.7271871600951,0 -17.2492221488796,14.727151314933,0 -17.2491970596421,14.7271153939004,0 -17.2491686566633,14.7270797065528,0 -17.2491376263562,14.727044557938,0 -17.2491046561079,14.7270102576122,0 -17.2490704314203,14.7269771124397,0 -17.2490355670324,14.7269454091917,0 -17.2490003853502,14.7269153543552,0 -17.2489651352136,14.7268871325438,0 -17.2489300654717,14.7268609292747,0 -17.2488954259199,14.7268369318632,0 -17.2488614653791,14.7268153231167,0 -17.2488284336443,14.7267962903509,0 -17.2487965786265,14.7267800181892,0 -17.2487660521618,14.7267665566585,0 -17.2487366105752,14.7267554102799,0 -17.2487079141085,14.7267459480737,0 -17.248679621138,14.7267375381749,0 -17.2486513909781,14.7267295496126,0 -17.2486228820151,14.7267213514246,0 -17.2485937535641,14.7267123126394,0 -17.2485636649312,14.7267018013821,0 -17.2485323718402,14.7266893538016,0 -17.2485000230726,14.7266751744577,0 -17.2484668619427,14.7266596332424,0 -17.248433136415,14.726643100906,0 -17.2483990889028,14.7266259500602,0 -17.2483649673609,14.7266085505523,0 -17.2483310151115,14.7265912731783,0 -17.2482974773333,14.7265744887166,0 -17.2482645479732,14.726558551276,0 -17.2482322103625,14.7265437365967,0 -17.2482003956819,14.7265303046618,0 -17.2481690341837,14.7265185154633,0 -17.2481380579583,14.7265086271686,0 -17.2481073972483,14.726500898866,0 -17.2480769841624,14.7264955905297,0 -17.2480467498714,14.7264929612392,0 -17.2480167196561,14.7264932131409,0 -17.2479873045204,14.7264963205586,0 -17.2479590077311,14.7265022018045,0 -17.2479323353401,14.7265107751642,0 -17.2479077924527,14.7265219571254,0 -17.2478858832741,14.7265356668954,0 -17.2478671119913,14.7265518218747,0 -17.2478519846481,14.7265703394455,0 -17.2478408554423,14.7265910860599,0 -17.2478334711665,14.7266137226413,0 -17.2478294313895,14.7266378573305,0 -17.2478283338237,14.7266630982862,0 -17.2478297743338,14.7266890545885,0 -17.2478333525069,14.7267153361846,0 -17.2478386651079,14.7267415494353,0 -17.247845309867,14.726767304306,0 -17.2478529250318,14.7267922690982,0 -17.2478613155733,14.7268163463173,0 -17.2478703251421,14.7268394986295,0 -17.2478797983265,14.7268616895956,0 -17.2478895797054,14.7268828818729,0 -17.2478995147764,14.7269030372065,0 -17.2479094462804,14.7269221200787,0 -17.247919220634,14.726940091322,0 -17.2479287622757,14.726956915529,0 -17.2479383215539,14.7269725622588,0 -17.2479482268018,14.7269870012165,0 -17.2479588100567,14.7270002011679,0 -17.2479703996703,14.7270121336248,0 -17.2479833258326,14.7270227682742,0 -17.2479979205901,14.7270320747849,0 -17.2480145113572,14.7270400237741,0 -17.2480332921721,14.7270466160675,0 -17.2480539004363,14.7270519807775,0 -17.2480758355428,14.7270562781739,0 -17.2480985987415,14.7270596685083,0 -17.2481216903538,14.7270623120419,0 -17.2481446088448,14.7270643690537,0 -17.2481668563834,14.7270659988838,0 -17.2481879314534,14.7270673636186,0 -17.2482074838019,14.7270686193578,0 -17.2482257618525,14.7270699100613,0 -17.2482431625352,14.7270713764394,0 -17.248260083699,14.7270731582896,0 -17.2482769222925,14.727075398129,0 -17.2482940752272,14.7270782348604,0 -17.2483119403708,14.7270818100881,0 -17.2483309155726,14.727086263609,0 -17.2483512862115,14.7270917218562,0 -17.2483729015805,14.727098245023,0 -17.2483954975832,14.727105880851,0 -17.2484188110143,14.7271146734593,0 -17.2484425796435,14.7271246714753,0 -17.2484665393373,14.7271359190272,0 -17.248490428775,14.7271484629266,0 -17.2485139838511,14.7271623500125,0 -17.2485369782413,14.7271775996506,0 -17.248559330361,14.7271941322191,0 -17.2485809926752,14.7272118388524,0 -17.2486019213991,14.7272306142626,0 -17.2486220699352,14.7272503504783,0 -17.2486413926325,14.7272709413263,0 -17.248659842912,14.7272922806424,0 -17.2486773760232,14.7273142595339,0 -17.2486940064108,14.7273368381052,0 -17.2487099888654,14.7273602379574,0 -17.2487256391741,14.72738474425,0 -17.2487412749994,14.7274106439312,0 -17.2487572093626,14.7274382239939,0 -17.2487737608455,14.7274677704735,0 -17.2487912433983,14.7274995703539,0 -17.2488099746753,14.7275339096792,0 -17.2488301930456,14.7275705855484,0 -17.2488518364268,14.727607437311,0 -17.2488747690101,14.7276418144144,0 -17.2488988503438,14.727671066351,0 -17.2489239446254,14.727692543472,0 -17.2489499132381,14.7277035934456,0 -17.2489766176009,14.7277015675539,0</coordinates></LinearRing></innerBoundaryIs></Polygon></MultiGeometry>
  </Placemark>
</Folder>
</Document></kml>
