{
"type": "FeatureCollection",
"name": "Parcelles",
"crs": { "type": "name", "properties": { "name": "urn:ogc:def:crs:OGC:1.3:CRS84" } },
"features": [
{ "type": "Feature", "properties": { "OBJECTID": 1.0, "Shape_Leng": 298.29308675800047, "Shape_Area": 5393.1783459387816 }, "geometry": { "type": "MultiPolygon", "coordinates": [ [ [ [ -17.246007965120089, 14.713095745471565, 0.0 ], [ -17.245937928021537, 14.713051172681084, 0.0 ], [ -17.24589021701183, 14.713007243586707, 0.0 ], [ -17.245804533966876, 14.712973176056272, 0.0 ], [ -17.245631260029011, 14.712949199855649, 0.0 ], [ -17.245604383032177, 14.712893091452285, 0.0 ], [ -17.245644504883469, 14.712657405339412, 0.0 ], [ -17.24564720557504, 14.712526332923707, 0.0 ], [ -17.245636742359729, 14.712400388281052, 0.0 ], [ -17.245729598746802, 14.712169056534448, 0.0 ], [ -17.245900996921893, 14.712249553580323, 0.0 ], [ -17.246139933807417, 14.712465672444914, 0.0 ], [ -17.246213147135308, 14.712549581475038, 0.0 ], [ -17.246373483280678, 14.712680163563368, 0.0 ], [ -17.246306466941359, 14.712757298634205, 0.0 ], [ -17.246310193754894, 14.712820295894579, 0.0 ], [ -17.246260584595813, 14.712966310409128, 0.0 ], [ -17.246210374545484, 14.713021697024885, 0.0 ], [ -17.24615240545123, 14.713136747985725, 0.0 ], [ -17.246007965120089, 14.713095745471565, 0.0 ] ] ] ] } },
{ "type": "Feature", "properties": { "OBJECTID": 2.0, "Shape_Leng": 207.8271876159167, "Shape_Area": 2504.2929610324832 }, "geometry": { "type": "MultiPolygon", "coordinates": [ [ [ [ -17.246371755597593, 14.713329502971069, 0.0 ], [ -17.246305910775799, 14.713301087352999, 0.0 ], [ -17.24615240545123, 14.713136747985725, 0.0 ], [ -17.246210374545484, 14.713021697024885, 0.0 ], [ -17.246260584595813, 14.712966310409128, 0.0 ], [ -17.246310193754894, 14.712820295894579, 0.0 ], [ -17.246306466941359, 14.712757298634205, 0.0 ], [ -17.246373483280678, 14.712680163563368, 0.0 ], [ -17.246516788157606, 14.712869541130942, 0.0 ], [ -17.246655607466558, 14.71305182504511, 0.0 ], [ -17.246754487557403, 14.71324810977924, 0.0 ], [ -17.24658242407698, 14.713290799940305, 0.0 ], [ -17.246467197148171, 14.713330998926189, 0.0 ], [ -17.246371755597593, 14.713329502971069, 0.0 ] ] ] ] } },
{ "type": "Feature", "properties": { "OBJECTID": 3.0, "Shape_Leng": 331.7901253973447, "Shape_Area": 6014.4594263835661 }, "geometry": { "type": "MultiPolygon", "coordinates": [ [ [ [ -17.246598203459929, 14.713999618185094, 0.0 ], [ -17.246597862976358, 14.713966360520621, 0.0 ], [ -17.24656131427804, 14.713947693742167, 0.0 ], [ -17.246355601782259, 14.713886944442292, 0.0 ], [ -17.246221080097762, 14.713883407756068, 0.0 ], [ -17.246110461448243, 14.713907420251472, 0.0 ], [ -17.24617608713038, 14.713835959327557, 0.0 ], [ -17.246238344413932, 14.713511787581778, 0.0 ], [ -17.246305910775799, 14.713301087352999, 0.0 ], [ -17.246371755597593, 14.713329502971069, 0.0 ], [ -17.246467197148171, 14.713330998926189, 0.0 ], [ -17.24658242407698, 14.713290799940305, 0.0 ], [ -17.246754487557403, 14.71324810977924, 0.0 ], [ -17.246880989365454, 14.713494028820364, 0.0 ], [ -17.247067376945793, 14.713837195373237, 0.0 ], [ -17.247069087779227, 14.714004271447546, 0.0 ], [ -17.247029137557348, 14.714106439571218, 0.0 ], [ -17.246598203459929, 14.713999618185094, 0.0 ] ] ] ] } },
{ "type": "Feature", "properties": { "OBJECTID": 4.0, "Shape_Leng": 202.4858461757847, "Shape_Area": 1649.8321676298697 }, "geometry": { "type": "MultiPolygon", "coordinates": [ [ [ [ -17.247300529011103, 14.714502040124533, 0.0 ], [ -17.247179115215538, 14.714465357167933, 0.0 ], [ -17.246934208542147, 14.714424200579856, 0.0 ], [ -17.247006247816916, 14.714200797384603, 0.0 ], [ -17.247029137557348, 14.714106439571218, 0.0 ], [ -17.247069087779227, 14.714004271447546, 0.0 ], [ -17.247067376945793, 14.713837195373237, 0.0 ], [ -17.247200459949898, 14.714068387720387, 0.0 ], [ -17.247402631918515, 14.714517876064763, 0.0 ], [ -17.247300529011103, 14.714502040124533, 0.0 ] ] ] ] } },
{ "type": "Feature", "properties": { "OBJECTID": 5.0, "Shape_Leng": 192.71419844535416, "Shape_Area": 2472.5304843988174 }, "geometry": { "type": "MultiPolygon", "coordinates": [ [ [ [ -17.246708899825958, 14.71459639982737, 0.0 ], [ -17.246622863368746, 14.714579115696356, 0.0 ], [ -17.246565174959589, 14.714535163406968, 0.0 ], [ -17.246488233251565, 14.714427741905103, 0.0 ], [ -17.246466346536774, 14.714386602936358, 0.0 ], [ -17.246482029108826, 14.714241108039785, 0.0 ], [ -17.246521946918058, 14.714113076570809, 0.0 ], [ -17.246552268451399, 14.714073435319532, 0.0 ], [ -17.247006247816916, 14.714200797384603, 0.0 ], [ -17.246934208542147, 14.714424200579856, 0.0 ], [ -17.246864384657755, 14.714639858855147, 0.0 ], [ -17.246708899825958, 14.71459639982737, 0.0 ] ] ] ] } },
{ "type": "Feature", "properties": { "OBJECTID": 6.0, "Shape_Leng": 462.95480464757924, "Shape_Area": 8868.6787507824083 }, "geometry": { "type": "MultiPolygon", "coordinates": [ [ [ [ -17.245874390048737, 14.714669241682319, 0.0 ], [ -17.245873749191048, 14.714669210850913, 0.0 ], [ -17.245711104326357, 14.714661312364196, 0.0 ], [ -17.245629961981869, 14.714389308714255, 0.0 ], [ -17.245630822348836, 14.714087848976177, 0.0 ], [ -17.245695975177629, 14.713987486807058, 0.0 ], [ -17.245702870508758, 14.713619531528741, 0.0 ], [ -17.245631260029011, 14.712949199855649, 0.0 ], [ -17.245804533966876, 14.712973176056272, 0.0 ], [ -17.24589021701183, 14.713007243586707, 0.0 ], [ -17.245937928021537, 14.713051172681084, 0.0 ], [ -17.246007965120089, 14.713095745471565, 0.0 ], [ -17.24615240545123, 14.713136747985725, 0.0 ], [ -17.246305910775799, 14.713301087352999, 0.0 ], [ -17.246238344413932, 14.713511787581778, 0.0 ], [ -17.24617608713038, 14.713835959327557, 0.0 ], [ -17.246110461448243, 14.713907420251472, 0.0 ], [ -17.246058744992901, 14.714119488335232, 0.0 ], [ -17.245995511422169, 14.714372703995412, 0.0 ], [ -17.245946051818912, 14.71460466051883, 0.0 ], [ -17.245944358051371, 14.714678076616003, 0.0 ], [ -17.245874390048737, 14.714669241682319, 0.0 ] ] ] ] } },
{ "type": "Feature", "properties": { "OBJECTID": 7.0, "Shape_Leng": 191.107418051629, "Shape_Area": 2051.5469892391943 }, "geometry": { "type": "MultiPolygon", "coordinates": [ [ [ [ -17.247302924475633, 14.714785974618119, 0.0 ], [ -17.247109457692186, 14.714760057882645, 0.0 ], [ -17.246954644021987, 14.714712347716317, 0.0 ], [ -17.246864384657755, 14.714639858855147, 0.0 ], [ -17.246934208542147, 14.714424200579856, 0.0 ], [ -17.247179115215538, 14.714465357167933, 0.0 ], [ -17.247300529011103, 14.714502040124533, 0.0 ], [ -17.247402631918515, 14.714517876064763, 0.0 ], [ -17.247559594681594, 14.714790005088869, 0.0 ], [ -17.247512296912586, 14.714815131438192, 0.0 ], [ -17.247419098038428, 14.714816035716456, 0.0 ], [ -17.247302924475633, 14.714785974618119, 0.0 ] ] ] ] } },
{ "type": "Feature", "properties": { "OBJECTID": 8.0, "Shape_Leng": 520.06211114825703, "Shape_Area": 7977.9146336950353 }, "geometry": { "type": "MultiPolygon", "coordinates": [ [ [ [ -17.245845443603997, 14.714926156473521, 0.0 ], [ -17.245873749191048, 14.714669210850913, 0.0 ], [ -17.245874390048737, 14.714669241682319, 0.0 ], [ -17.245944358051371, 14.714678076616003, 0.0 ], [ -17.245946051818912, 14.71460466051883, 0.0 ], [ -17.245995511422169, 14.714372703995412, 0.0 ], [ -17.246058744992901, 14.714119488335232, 0.0 ], [ -17.246110461448243, 14.713907420251472, 0.0 ], [ -17.246221080097762, 14.713883407756068, 0.0 ], [ -17.246355601782259, 14.713886944442292, 0.0 ], [ -17.24656131427804, 14.713947693742167, 0.0 ], [ -17.246597862976358, 14.713966360520621, 0.0 ], [ -17.246598203459929, 14.713999618185094, 0.0 ], [ -17.247029137557348, 14.714106439571218, 0.0 ], [ -17.247006247816916, 14.714200797384603, 0.0 ], [ -17.246552268451399, 14.714073435319532, 0.0 ], [ -17.246521946918058, 14.714113076570809, 0.0 ], [ -17.246482029108826, 14.714241108039785, 0.0 ], [ -17.246466346536774, 14.714386602936358, 0.0 ], [ -17.246488233251565, 14.714427741905103, 0.0 ], [ -17.246565174959589, 14.714535163406968, 0.0 ], [ -17.246622863368746, 14.714579115696356, 0.0 ], [ -17.246708899825958, 14.71459639982737, 0.0 ], [ -17.246864384657755, 14.714639858855147, 0.0 ], [ -17.246954644021987, 14.714712347716317, 0.0 ], [ -17.246836876432056, 14.714771570264508, 0.0 ], [ -17.246527495952698, 14.714824838346933, 0.0 ], [ -17.246352670596107, 14.714936557432209, 0.0 ], [ -17.246109942283677, 14.714934497494475, 0.0 ], [ -17.245988955850464, 14.714944115104323, 0.0 ], [ -17.245845443603997, 14.714926156473521, 0.0 ] ] ] ] } },
{ "type": "Feature", "properties": { "OBJECTID": 9.0, "Shape_Leng": 290.7955580948767, "Shape_Area": 2943.759476991891 }, "geometry": { "type": "MultiPolygon", "coordinates": [ [ [ [ -17.245441778253898, 14.715205308869976, 0.0 ], [ -17.245345122880227, 14.715103059253829, 0.0 ], [ -17.245275721497382, 14.714974425967538, 0.0 ], [ -17.245199119016441, 14.714692534982358, 0.0 ], [ -17.245366469184269, 14.714719353451116, 0.0 ], [ -17.245331119134597, 14.714849313864729, 0.0 ], [ -17.245390962603523, 14.714842787591932, 0.0 ], [ -17.245539921605147, 14.714942421301096, 0.0 ], [ -17.245629547141341, 14.7148324458716, 0.0 ], [ -17.245711104326357, 14.714661312364196, 0.0 ], [ -17.245873749191048, 14.714669210850913, 0.0 ], [ -17.245845443603997, 14.714926156473521, 0.0 ], [ -17.245716917379106, 14.715290800411704, 0.0 ], [ -17.245665943520638, 14.715276059187255, 0.0 ], [ -17.245613599040787, 14.715293206197, 0.0 ], [ -17.245514211828581, 14.715355178320713, 0.0 ], [ -17.245441778253898, 14.715205308869976, 0.0 ] ] ] ] } },
{ "type": "Feature", "properties": { "OBJECTID": 10.0, "Shape_Leng": 225.26462564324024, "Shape_Area": 2487.3742851423244 }, "geometry": { "type": "MultiPolygon", "coordinates": [ [ [ [ -17.247069780451827, 14.715073998581463, 0.0 ], [ -17.247302924475633, 14.714785974618119, 0.0 ], [ -17.247419098038428, 14.714816035716456, 0.0 ], [ -17.247512296912586, 14.714815131438192, 0.0 ], [ -17.247559594681594, 14.714790005088869, 0.0 ], [ -17.247671982331383, 14.715039632060753, 0.0 ], [ -17.247529669697062, 14.715201785355154, 0.0 ], [ -17.247403708510433, 14.715138179778897, 0.0 ], [ -17.247404239643316, 14.715190036657875, 0.0 ], [ -17.247487493672988, 14.715248871232717, 0.0 ], [ -17.247337103455202, 14.715403323378986, 0.0 ], [ -17.247069780451827, 14.715073998581463, 0.0 ] ] ] ] } },
{ "type": "Feature", "properties": { "OBJECTID": 11.0, "Shape_Leng": 278.95350718640884, "Shape_Area": 4089.1628449634086 }, "geometry": { "type": "MultiPolygon", "coordinates": [ [ [ [ -17.24647266794339, 14.715278084993056, 0.0 ], [ -17.246352670596107, 14.714936557432209, 0.0 ], [ -17.246527495952698, 14.714824838346933, 0.0 ], [ -17.246836876432056, 14.714771570264508, 0.0 ], [ -17.246954644021987, 14.714712347716317, 0.0 ], [ -17.247109457692186, 14.714760057882645, 0.0 ], [ -17.247302924475633, 14.714785974618119, 0.0 ], [ -17.247069780451827, 14.715073998581463, 0.0 ], [ -17.246874561349163, 14.71517977727005, 0.0 ], [ -17.246502421319846, 14.715426027819854, 0.0 ], [ -17.24647266794339, 14.715278084993056, 0.0 ] ] ] ] } },
{ "type": "Feature", "properties": { "OBJECTID": 12.0, "Shape_Leng": 225.77232168238498, "Shape_Area": 2150.4086027285175 }, "geometry": { "type": "MultiPolygon", "coordinates": [ [ [ [ -17.24522827703289, 14.715467993690774, 0.0 ], [ -17.245135673724064, 14.715382979430931, 0.0 ], [ -17.245091515906161, 14.71533696385203, 0.0 ], [ -17.245099547385202, 14.715151566107449, 0.0 ], [ -17.245047310294691, 14.715092200458201, 0.0 ], [ -17.245199119016441, 14.714692534982358, 0.0 ], [ -17.245275721497382, 14.714974425967538, 0.0 ], [ -17.245345122880227, 14.715103059253829, 0.0 ], [ -17.245441778253898, 14.715205308869976, 0.0 ], [ -17.245514211828581, 14.715355178320713, 0.0 ], [ -17.245369804696267, 14.715453638847254, 0.0 ], [ -17.24538663999877, 14.715534296988835, 0.0 ], [ -17.24522827703289, 14.715467993690774, 0.0 ] ] ] ] } },
{ "type": "Feature", "properties": { "OBJECTID": 13.0, "Shape_Leng": 182.88114152735986, "Shape_Area": 1823.0925180844836 }, "geometry": { "type": "MultiPolygon", "coordinates": [ [ [ [ -17.246874561349163, 14.71517977727005, 0.0 ], [ -17.247069780451827, 14.715073998581463, 0.0 ], [ -17.247337103455202, 14.715403323378986, 0.0 ], [ -17.247421012377742, 14.715506693200961, 0.0 ], [ -17.247145901129542, 14.715679153012397, 0.0 ], [ -17.246874561349163, 14.71517977727005, 0.0 ] ] ] ] } },
{ "type": "Feature", "properties": { "OBJECTID": 14.0, "Shape_Leng": 228.75112002782967, "Shape_Area": 2834.967289476082 }, "geometry": { "type": "MultiPolygon", "coordinates": [ [ [ [ -17.246649280768413, 14.715832053795561, 0.0 ], [ -17.246502421319846, 14.715426027819854, 0.0 ], [ -17.246874561349163, 14.71517977727005, 0.0 ], [ -17.247145901129542, 14.715679153012397, 0.0 ], [ -17.247092889198242, 14.715741617332968, 0.0 ], [ -17.247034744716327, 14.715659426592538, 0.0 ], [ -17.246932597017249, 14.715689128287368, 0.0 ], [ -17.246771063053771, 14.715854516229209, 0.0 ], [ -17.246649280768413, 14.715832053795561, 0.0 ] ] ] ] } },
{ "type": "Feature", "properties": { "OBJECTID": 15.0, "Shape_Leng": 192.32243519053236, "Shape_Area": 1951.5526177737852 }, "geometry": { "type": "MultiPolygon", "coordinates": [ [ [ [ -17.247450100786615, 14.716102164252604, 0.0 ], [ -17.247526903838779, 14.715922429542296, 0.0 ], [ -17.247834476351674, 14.715556472099733, 0.0 ], [ -17.247926876727725, 14.715543111998281, 0.0 ], [ -17.247989831732433, 14.715748681394329, 0.0 ], [ -17.247955303062906, 14.715791306471445, 0.0 ], [ -17.247838639841856, 14.715935330081551, 0.0 ], [ -17.247705658332155, 14.716150578673293, 0.0 ], [ -17.247510845598942, 14.716164307273901, 0.0 ], [ -17.247450100786615, 14.716102164252604, 0.0 ] ] ] ] } },
{ "type": "Feature", "properties": { "OBJECTID": 16.0, "Shape_Leng": 435.32748031112732, "Shape_Area": 12064.936619710636 }, "geometry": { "type": "MultiPolygon", "coordinates": [ [ [ [ -17.245575610401936, 14.716010999583144, 0.0 ], [ -17.245513297790797, 14.715752707086507, 0.0 ], [ -17.24546497532155, 14.715603549915903, 0.0 ], [ -17.245592402936847, 14.715479100174997, 0.0 ], [ -17.245713435169598, 14.715300680912538, 0.0 ], [ -17.245716917379106, 14.715290800411704, 0.0 ], [ -17.245845443603997, 14.714926156473521, 0.0 ], [ -17.245988955850464, 14.714944115104323, 0.0 ], [ -17.246109942283677, 14.714934497494475, 0.0 ], [ -17.246352670596107, 14.714936557432209, 0.0 ], [ -17.24647266794339, 14.715278084993056, 0.0 ], [ -17.246502421319846, 14.715426027819854, 0.0 ], [ -17.246649280768413, 14.715832053795561, 0.0 ], [ -17.246251326848906, 14.716011251003327, 0.0 ], [ -17.245938548451988, 14.716197003577024, 0.0 ], [ -17.245866893005566, 14.716173459235209, 0.0 ], [ -17.245669985927798, 14.716225221997524, 0.0 ], [ -17.245575610401936, 14.716010999583144, 0.0 ] ] ] ] } },
{ "type": "Feature", "properties": { "OBJECTID": 17.0, "Shape_Leng": 131.88552565114188, "Shape_Area": 1014.7003797799395 }, "geometry": { "type": "MultiPolygon", "coordinates": [ [ [ [ -17.247819284856554, 14.716194365390173, 0.0 ], [ -17.247705658332155, 14.716150578673293, 0.0 ], [ -17.247838639841856, 14.715935330081551, 0.0 ], [ -17.247955303062906, 14.715791306471445, 0.0 ], [ -17.248035138373726, 14.71592678742681, 0.0 ], [ -17.248079218509325, 14.716036913427494, 0.0 ], [ -17.247965104769904, 14.716175168587101, 0.0 ], [ -17.247929098890193, 14.71623716624558, 0.0 ], [ -17.247819284856554, 14.716194365390173, 0.0 ] ] ] ] } },
{ "type": "Feature", "properties": { "OBJECTID": 18.0, "Shape_Leng": 356.70889966414893, "Shape_Area": 6351.121346738485 }, "geometry": { "type": "MultiPolygon", "coordinates": [ [ [ [ -17.248283407701869, 14.716065639907155, 0.0 ], [ -17.24814825908728, 14.715792652072279, 0.0 ], [ -17.248038225102679, 14.71534391137426, 0.0 ], [ -17.248037711632115, 14.715293793650789, 0.0 ], [ -17.248095356128701, 14.715253860830384, 0.0 ], [ -17.248324005361493, 14.715251641526343, 0.0 ], [ -17.248542096986935, 14.715286769095592, 0.0 ], [ -17.248699230970171, 14.715245870312954, 0.0 ], [ -17.248788293446893, 14.715288635538014, 0.0 ], [ -17.248770960396392, 14.715412244730972, 0.0 ], [ -17.248637490039961, 14.715413540512536, 0.0 ], [ -17.248638242441167, 14.715486958962053, 0.0 ], [ -17.248790002747612, 14.715477246268556, 0.0 ], [ -17.248780655395109, 14.71573158355055, 0.0 ], [ -17.24878487340548, 14.71587629608179, 0.0 ], [ -17.248614755892049, 14.716077659593898, 0.0 ], [ -17.248358428016758, 14.716256102368282, 0.0 ], [ -17.248283407701869, 14.716065639907155, 0.0 ] ] ] ] } },
{ "type": "Feature", "properties": { "OBJECTID": 19.0, "Shape_Leng": 221.37163426581964, "Shape_Area": 2168.6058902550271 }, "geometry": { "type": "MultiPolygon", "coordinates": [ [ [ [ -17.248841119331139, 14.716353576137832, 0.0 ], [ -17.248792790784506, 14.716039301797133, 0.0 ], [ -17.24878487340548, 14.71587629608179, 0.0 ], [ -17.248780655395109, 14.71573158355055, 0.0 ], [ -17.248863837792108, 14.715642172607934, 0.0 ], [ -17.249018680187049, 14.715711885752436, 0.0 ], [ -17.249036098900049, 14.715805314664323, 0.0 ], [ -17.249156923926922, 14.715857098474247, 0.0 ], [ -17.24916882999003, 14.715895162611124, 0.0 ], [ -17.249163680834339, 14.716058015969569, 0.0 ], [ -17.248988514456169, 14.716073993651003, 0.0 ], [ -17.249065763842008, 14.716233079702688, 0.0 ], [ -17.249025879034381, 14.716288035061835, 0.0 ], [ -17.24882691239003, 14.716382123919249, 0.0 ], [ -17.248841119331139, 14.716353576137832, 0.0 ] ] ] ] } },
{ "type": "Feature", "properties": { "OBJECTID": 20.0, "Shape_Leng": 204.54620892544412, "Shape_Area": 2110.9247570232883 }, "geometry": { "type": "MultiPolygon", "coordinates": [ [ [ [ -17.248358428016758, 14.716256102368282, 0.0 ], [ -17.248614755892049, 14.716077659593898, 0.0 ], [ -17.24878487340548, 14.71587629608179, 0.0 ], [ -17.248792790784506, 14.716039301797133, 0.0 ], [ -17.248841119331139, 14.716353576137832, 0.0 ], [ -17.24882691239003, 14.716382123919249, 0.0 ], [ -17.248402963478409, 14.716568350019481, 0.0 ], [ -17.248358428016758, 14.716256102368282, 0.0 ] ] ] ] } },
{ "type": "Feature", "properties": { "OBJECTID": 21.0, "Shape_Leng": 183.94157645202463, "Shape_Area": 1627.314302347698 }, "geometry": { "type": "MultiPolygon", "coordinates": [ [ [ [ -17.247653044267143, 14.716621959429954, 0.0 ], [ -17.247631001978871, 14.716579002425465, 0.0 ], [ -17.247644377001631, 14.716520610868114, 0.0 ], [ -17.247598666996431, 14.716482094917385, 0.0 ], [ -17.247495100272129, 14.716328162595277, 0.0 ], [ -17.247410099184759, 14.71613116736601, 0.0 ], [ -17.247450100786615, 14.716102164252604, 0.0 ], [ -17.247510845598942, 14.716164307273901, 0.0 ], [ -17.247705658332155, 14.716150578673293, 0.0 ], [ -17.247819284856554, 14.716194365390173, 0.0 ], [ -17.247929098890193, 14.71623716624558, 0.0 ], [ -17.247879404989774, 14.716341769224389, 0.0 ], [ -17.247797522182079, 14.716469296467471, 0.0 ], [ -17.247702102388956, 14.716660163679251, 0.0 ], [ -17.247653044267143, 14.716621959429954, 0.0 ] ] ] ] } },
{ "type": "Feature", "properties": { "OBJECTID": 22.0, "Shape_Leng": 177.01012559157769, "Shape_Area": 2033.4643971560763 }, "geometry": { "type": "MultiPolygon", "coordinates": [ [ [ [ -17.247314435402686, 14.716668380015809, 0.0 ], [ -17.2472632163933, 14.716616873108691, 0.0 ], [ -17.247213497034004, 14.716559148865224, 0.0 ], [ -17.247139376061767, 14.716473095180669, 0.0 ], [ -17.247117081314297, 14.716445812384839, 0.0 ], [ -17.247129102670378, 14.716401168616908, 0.0 ], [ -17.247248807198194, 14.716248112036293, 0.0 ], [ -17.247410099184759, 14.71613116736601, 0.0 ], [ -17.247495100272129, 14.716328162595277, 0.0 ], [ -17.247598666996431, 14.716482094917385, 0.0 ], [ -17.247644377001631, 14.716520610868114, 0.0 ], [ -17.247631001978871, 14.716579002425465, 0.0 ], [ -17.247591223615196, 14.716624908556055, 0.0 ], [ -17.247551345330901, 14.716663418408055, 0.0 ], [ -17.24748920201171, 14.716683172782655, 0.0 ], [ -17.247398365216572, 14.716697244948492, 0.0 ], [ -17.247314435402686, 14.716668380015809, 0.0 ] ] ] ] } },
{ "type": "Feature", "properties": { "OBJECTID": 23.0, "Shape_Leng": 192.75891093661079, "Shape_Area": 2188.315775756736 }, "geometry": { "type": "MultiPolygon", "coordinates": [ [ [ [ -17.247756741469203, 14.716784614010859, 0.0 ], [ -17.247729933497975, 14.716728104164362, 0.0 ], [ -17.247702102388956, 14.716660163679251, 0.0 ], [ -17.247797522182079, 14.716469296467471, 0.0 ], [ -17.247879404989774, 14.716341769224389, 0.0 ], [ -17.247929098890193, 14.71623716624558, 0.0 ], [ -17.247975626321999, 14.716269389206916, 0.0 ], [ -17.248016339231306, 14.716319420345831, 0.0 ], [ -17.248101993198954, 14.716284625095179, 0.0 ], [ -17.248150661597904, 14.716295577899684, 0.0 ], [ -17.248202625714733, 14.7164573890401, 0.0 ], [ -17.248213224686921, 14.716655907532067, 0.0 ], [ -17.247981214902577, 14.716711637066153, 0.0 ], [ -17.247867097488065, 14.71680816068459, 0.0 ], [ -17.24778522394314, 14.716815912522987, 0.0 ], [ -17.247756741469203, 14.716784614010859, 0.0 ] ] ] ] } },
{ "type": "Feature", "properties": { "OBJECTID": 24.0, "Shape_Leng": 177.91122155581266, "Shape_Area": 1729.442907910458 }, "geometry": { "type": "MultiPolygon", "coordinates": [ [ [ [ -17.248821590052533, 14.71660309432667, 0.0 ], [ -17.248793649988208, 14.716432621963243, 0.0 ], [ -17.248841209391589, 14.716400855422391, 0.0 ], [ -17.249079073163593, 14.716290214671675, 0.0 ], [ -17.249188470620894, 14.71626030067709, 0.0 ], [ -17.249141286062535, 14.716377979826245, 0.0 ], [ -17.249132319829204, 14.716529259832317, 0.0 ], [ -17.249111901493492, 14.71673584706399, 0.0 ], [ -17.24904865914317, 14.716783577810132, 0.0 ], [ -17.248924002496917, 14.716824997373278, 0.0 ], [ -17.248851001429937, 14.716847002525327, 0.0 ], [ -17.248821590052533, 14.71660309432667, 0.0 ] ] ] ] } },
{ "type": "Feature", "properties": { "OBJECTID": 25.0, "Shape_Leng": 128.47357190721553, "Shape_Area": 965.87875489864075 }, "geometry": { "type": "MultiPolygon", "coordinates": [ [ [ [ -17.247401100160033, 14.716785161314204, 0.0 ], [ -17.247398365216572, 14.716697244948492, 0.0 ], [ -17.24748920201171, 14.716683172782655, 0.0 ], [ -17.247551345330901, 14.716663418408055, 0.0 ], [ -17.247591223615196, 14.716624908556055, 0.0 ], [ -17.247631001978871, 14.716579002425465, 0.0 ], [ -17.247653044267143, 14.716621959429954, 0.0 ], [ -17.247702102388956, 14.716660163679251, 0.0 ], [ -17.247729933497975, 14.716728104164362, 0.0 ], [ -17.247756741469203, 14.716784614010859, 0.0 ], [ -17.24778522394314, 14.716815912522987, 0.0 ], [ -17.247703759488374, 14.716857344155054, 0.0 ], [ -17.247538535708241, 14.716973289970623, 0.0 ], [ -17.247401100160033, 14.716785161314204, 0.0 ] ] ] ] } },
{ "type": "Feature", "properties": { "OBJECTID": 26.0, "Shape_Leng": 184.35136709405043, "Shape_Area": 2138.4452752824295 }, "geometry": { "type": "MultiPolygon", "coordinates": [ [ [ [ -17.248500171047379, 14.717032535184947, 0.0 ], [ -17.248410072860839, 14.71662915756567, 0.0 ], [ -17.248438486618678, 14.71658191056687, 0.0 ], [ -17.248793649988208, 14.716432621963243, 0.0 ], [ -17.248821590052533, 14.71660309432667, 0.0 ], [ -17.248851001429937, 14.716847002525327, 0.0 ], [ -17.248717512923378, 14.716941985247676, 0.0 ], [ -17.248555450548949, 14.717043334245316, 0.0 ], [ -17.248500171047379, 14.717032535184947, 0.0 ] ] ] ] } },
{ "type": "Feature", "properties": { "OBJECTID": 27.0, "Shape_Leng": 396.83249653332274, "Shape_Area": 9159.2896286442392 }, "geometry": { "type": "MultiPolygon", "coordinates": [ [ [ [ -17.24665558338452, 14.717088061009839, 0.0 ], [ -17.246417848986088, 14.716957980057916, 0.0 ], [ -17.246062262856203, 14.716861595258976, 0.0 ], [ -17.245631243135641, 14.716731971025677, 0.0 ], [ -17.245938548451988, 14.716197003577024, 0.0 ], [ -17.246251326848906, 14.716011251003327, 0.0 ], [ -17.246660179082102, 14.716287058169897, 0.0 ], [ -17.246590943298717, 14.716396656417597, 0.0 ], [ -17.246859226012461, 14.716537651080843, 0.0 ], [ -17.246916994267298, 14.716678262681056, 0.0 ], [ -17.246654128543131, 14.717092216930444, 0.0 ], [ -17.24665558338452, 14.717088061009839, 0.0 ] ] ] ] } },
{ "type": "Feature", "properties": { "OBJECTID": 28.0, "Shape_Leng": 163.43359209915985, "Shape_Area": 1632.1261743083153 }, "geometry": { "type": "MultiPolygon", "coordinates": [ [ [ [ -17.247932946658178, 14.717073354234794, 0.0 ], [ -17.247848218370041, 14.716919912433134, 0.0 ], [ -17.24778522394314, 14.716815912522987, 0.0 ], [ -17.247867097488065, 14.71680816068459, 0.0 ], [ -17.247981214902577, 14.716711637066153, 0.0 ], [ -17.248213224686921, 14.716655907532067, 0.0 ], [ -17.248287221745315, 14.71688690978641, 0.0 ], [ -17.248188375583354, 14.716961614024857, 0.0 ], [ -17.248062203380204, 14.717111732285428, 0.0 ], [ -17.247985101624586, 14.717140166790955, 0.0 ], [ -17.247932946658178, 14.717073354234794, 0.0 ] ] ] ] } },
{ "type": "Feature", "properties": { "OBJECTID": 29.0, "Shape_Leng": 155.28199893269368, "Shape_Area": 1445.9749889762361 }, "geometry": { "type": "MultiPolygon", "coordinates": [ [ [ [ -17.247685540402145, 14.717191468480248, 0.0 ], [ -17.247538535708241, 14.716973289970623, 0.0 ], [ -17.247703759488374, 14.716857344155054, 0.0 ], [ -17.24778522394314, 14.716815912522987, 0.0 ], [ -17.247848218370041, 14.716919912433134, 0.0 ], [ -17.247932946658178, 14.717073354234794, 0.0 ], [ -17.247985101624586, 14.717140166790955, 0.0 ], [ -17.248024626595026, 14.71721739047754, 0.0 ], [ -17.247786225103887, 14.717296908771829, 0.0 ], [ -17.247685540402145, 14.717191468480248, 0.0 ] ] ] ] } },
{ "type": "Feature", "properties": { "OBJECTID": 30.0, "Shape_Leng": 233.79299602771496, "Shape_Area": 2546.6489751097538 }, "geometry": { "type": "MultiPolygon", "coordinates": [ [ [ [ -17.246816103735409, 14.71732816075607, 0.0 ], [ -17.246785685955064, 14.717310934484738, 0.0 ], [ -17.246747827482846, 14.717135330951713, 0.0 ], [ -17.246998311825049, 14.716762882279424, 0.0 ], [ -17.24715205930023, 14.716612536737525, 0.0 ], [ -17.247213497034004, 14.716559148865224, 0.0 ], [ -17.2472632163933, 14.716616873108691, 0.0 ], [ -17.247314435402686, 14.716668380015809, 0.0 ], [ -17.247398365216572, 14.716697244948492, 0.0 ], [ -17.247401100160033, 14.716785161314204, 0.0 ], [ -17.247152343998458, 14.717035417500478, 0.0 ], [ -17.246961104177952, 14.717187166796938, 0.0 ], [ -17.2468906818725, 14.71734897029425, 0.0 ], [ -17.246816103735409, 14.71732816075607, 0.0 ] ] ] ] } },
{ "type": "Feature", "properties": { "OBJECTID": 31.0, "Shape_Leng": 174.41814470358452, "Shape_Area": 1785.0514579308631 }, "geometry": { "type": "MultiPolygon", "coordinates": [ [ [ [ -17.24738909293923, 14.717312038937465, 0.0 ], [ -17.247152343998458, 14.717035417500478, 0.0 ], [ -17.247401100160033, 14.716785161314204, 0.0 ], [ -17.247538535708241, 14.716973289970623, 0.0 ], [ -17.247685540402145, 14.717191468480248, 0.0 ], [ -17.247393788321734, 14.717358335701302, 0.0 ], [ -17.24738909293923, 14.717312038937465, 0.0 ] ] ] ] } },
{ "type": "Feature", "properties": { "OBJECTID": 32.0, "Shape_Leng": 226.05213999287542, "Shape_Area": 2813.9830922538549 }, "geometry": { "type": "MultiPolygon", "coordinates": [ [ [ [ -17.248785348120666, 14.717414416407303, 0.0 ], [ -17.248675911471125, 14.717365756590063, 0.0 ], [ -17.248563094891288, 14.717290837573682, 0.0 ], [ -17.248526764791393, 14.717220835661575, 0.0 ], [ -17.248511750099023, 14.717101918144429, 0.0 ], [ -17.248601219289164, 14.717039910931026, 0.0 ], [ -17.248707900405673, 14.716977704046302, 0.0 ], [ -17.248852660460436, 14.716888583340866, 0.0 ], [ -17.248943681146802, 14.716846634779703, 0.0 ], [ -17.248923267036243, 14.716941260495766, 0.0 ], [ -17.248933851025431, 14.716966718713943, 0.0 ], [ -17.249101116895194, 14.716990656342674, 0.0 ], [ -17.249075732876026, 14.717136476700928, 0.0 ], [ -17.249046225635652, 14.717155378764799, 0.0 ], [ -17.249094109589191, 14.717475736243685, 0.0 ], [ -17.248785348120666, 14.717414416407303, 0.0 ] ] ] ] } },
{ "type": "Feature", "properties": { "OBJECTID": 33.0, "Shape_Leng": 140.31117452933086, "Shape_Area": 1181.0093697527836 }, "geometry": { "type": "MultiPolygon", "coordinates": [ [ [ [ -17.246961104177952, 14.717187166796938, 0.0 ], [ -17.247152343998458, 14.717035417500478, 0.0 ], [ -17.24738909293923, 14.717312038937465, 0.0 ], [ -17.247393788321734, 14.717358335701302, 0.0 ], [ -17.247224496967668, 14.717499475256801, 0.0 ], [ -17.246961104177952, 14.717187166796938, 0.0 ] ] ] ] } },
{ "type": "Feature", "properties": { "OBJECTID": 34.0, "Shape_Leng": 207.29636304469847, "Shape_Area": 1857.591845020017 }, "geometry": { "type": "MultiPolygon", "coordinates": [ [ [ [ -17.247786225103887, 14.717296908771829, 0.0 ], [ -17.248024626595026, 14.71721739047754, 0.0 ], [ -17.247985101624586, 14.717140166790955, 0.0 ], [ -17.248062203380204, 14.717111732285428, 0.0 ], [ -17.248188375583354, 14.716961614024857, 0.0 ], [ -17.248287221745315, 14.71688690978641, 0.0 ], [ -17.248288482428638, 14.717009931891786, 0.0 ], [ -17.248324218431147, 14.717091906039869, 0.0 ], [ -17.248385103319272, 14.717181162477758, 0.0 ], [ -17.248349624309274, 14.717244386606399, 0.0 ], [ -17.248151579684357, 14.71737729187625, 0.0 ], [ -17.248073325620858, 14.717429807778373, 0.0 ], [ -17.247938518316197, 14.717520275325212, 0.0 ], [ -17.247786225103887, 14.717296908771829, 0.0 ] ] ] ] } },
{ "type": "Feature", "properties": { "OBJECTID": 35.0, "Shape_Leng": 749.97421219093496, "Shape_Area": 18027.574607937047 }, "geometry": { "type": "MultiPolygon", "coordinates": [ [ [ [ -17.244730483362506, 14.717186714009511, 0.0 ], [ -17.244902346683428, 14.71701007741439, 0.0 ], [ -17.244806540440596, 14.716937536751541, 0.0 ], [ -17.244481076331763, 14.71698970342951, 0.0 ], [ -17.244338047187064, 14.716583955708863, 0.0 ], [ -17.244575360523896, 14.716407864258377, 0.0 ], [ -17.244973452139202, 14.716353117865356, 0.0 ], [ -17.245179305956281, 14.715645445912157, 0.0 ], [ -17.24538663999877, 14.715534296988835, 0.0 ], [ -17.245369804696267, 14.715453638847254, 0.0 ], [ -17.245514211828581, 14.715355178320713, 0.0 ], [ -17.245613599040787, 14.715293206197, 0.0 ], [ -17.245665943520638, 14.715276059187255, 0.0 ], [ -17.245716917379106, 14.715290800411704, 0.0 ], [ -17.245713435169598, 14.715300680912538, 0.0 ], [ -17.245592402936847, 14.715479100174997, 0.0 ], [ -17.24546497532155, 14.715603549915903, 0.0 ], [ -17.245513297790797, 14.715752707086507, 0.0 ], [ -17.245575610401936, 14.716010999583144, 0.0 ], [ -17.245669985927798, 14.716225221997524, 0.0 ], [ -17.245866893005566, 14.716173459235209, 0.0 ], [ -17.245938548451988, 14.716197003577024, 0.0 ], [ -17.245631243135641, 14.716731971025677, 0.0 ], [ -17.245333121985752, 14.71738065323234, 0.0 ], [ -17.245138135837088, 14.717619517683294, 0.0 ], [ -17.244730483362506, 14.717186714009511, 0.0 ] ] ] ] } },
{ "type": "Feature", "properties": { "OBJECTID": 36.0, "Shape_Leng": 117.70415708211323, "Shape_Area": 844.61355446582718 }, "geometry": { "type": "MultiPolygon", "coordinates": [ [ [ [ -17.248151579684357, 14.71737729187625, 0.0 ], [ -17.248349624309274, 14.717244386606399, 0.0 ], [ -17.248403624308459, 14.717291388300593, 0.0 ], [ -17.248453096362191, 14.717587165308526, 0.0 ], [ -17.248318155383402, 14.717647096696288, 0.0 ], [ -17.248151579684357, 14.71737729187625, 0.0 ] ] ] ] } },
{ "type": "Feature", "properties": { "OBJECTID": 37.0, "Shape_Leng": 98.774643186217844, "Shape_Area": 498.11720147391884 }, "geometry": { "type": "MultiPolygon", "coordinates": [ [ [ [ -17.248571883707413, 14.717549550780424, 0.0 ], [ -17.248541553171492, 14.717375457642188, 0.0 ], [ -17.248542818393055, 14.717352260657776, 0.0 ], [ -17.248563094891288, 14.717290837573682, 0.0 ], [ -17.248675911471125, 14.717365756590063, 0.0 ], [ -17.24871787298914, 14.717543000330586, 0.0 ], [ -17.24869056890789, 14.717550792790885, 0.0 ], [ -17.248696223996948, 14.717603020912234, 0.0 ], [ -17.248687000408395, 14.7176419976961, 0.0 ], [ -17.248651374163643, 14.717656617651707, 0.0 ], [ -17.248607803474261, 14.717657040697336, 0.0 ], [ -17.248571883707413, 14.717549550780424, 0.0 ] ] ] ] } },
{ "type": "Feature", "properties": { "OBJECTID": 38.0, "Shape_Leng": 172.7950934298494, "Shape_Area": 1971.8164422180639 }, "geometry": { "type": "MultiPolygon", "coordinates": [ [ [ [ -17.24752689600502, 14.717666220209653, 0.0 ], [ -17.247402091804744, 14.717440214814191, 0.0 ], [ -17.247393788321734, 14.717358335701302, 0.0 ], [ -17.247685540402145, 14.717191468480248, 0.0 ], [ -17.247786225103887, 14.717296908771829, 0.0 ], [ -17.247938518316197, 14.717520275325212, 0.0 ], [ -17.247762357437576, 14.717626425663095, 0.0 ], [ -17.247626753360599, 14.717688169277551, 0.0 ], [ -17.247569933717315, 14.717721238942742, 0.0 ], [ -17.24752689600502, 14.717666220209653, 0.0 ] ] ] ] } },
{ "type": "Feature", "properties": { "OBJECTID": 39.0, "Shape_Leng": 407.50491816261052, "Shape_Area": 10679.244361180863 }, "geometry": { "type": "MultiPolygon", "coordinates": [ [ [ [ -17.245819226224583, 14.717822564196924, 0.0 ], [ -17.245609792807869, 14.717563359224515, 0.0 ], [ -17.245333121985752, 14.71738065323234, 0.0 ], [ -17.245631243135641, 14.716731971025677, 0.0 ], [ -17.246062262856203, 14.716861595258976, 0.0 ], [ -17.246417848986088, 14.716957980057916, 0.0 ], [ -17.24665558338452, 14.717088061009839, 0.0 ], [ -17.246654128543131, 14.717092216930444, 0.0 ], [ -17.246473875622154, 14.717607021966396, 0.0 ], [ -17.246257582258519, 14.717609119924216, 0.0 ], [ -17.246154428238604, 14.717722520281319, 0.0 ], [ -17.245820429319984, 14.717823559069352, 0.0 ], [ -17.245819226224583, 14.717822564196924, 0.0 ] ] ] ] } },
{ "type": "Feature", "properties": { "OBJECTID": 40.0, "Shape_Leng": 210.91626515251301, "Shape_Area": 2386.9293849475403 }, "geometry": { "type": "MultiPolygon", "coordinates": [ [ [ [ -17.246886203959516, 14.717786991773037, 0.0 ], [ -17.246819258058505, 14.717769136859861, 0.0 ], [ -17.246831222250936, 14.717684910657141, 0.0 ], [ -17.246772216465416, 14.717499905915776, 0.0 ], [ -17.24677078248034, 14.717359882641947, 0.0 ], [ -17.246816103735409, 14.71732816075607, 0.0 ], [ -17.2468906818725, 14.71734897029425, 0.0 ], [ -17.246961104177952, 14.717187166796938, 0.0 ], [ -17.247224496967668, 14.717499475256801, 0.0 ], [ -17.247175737708659, 14.717535234143932, 0.0 ], [ -17.247247620415731, 14.717573388673205, 0.0 ], [ -17.247167100216199, 14.717786163785407, 0.0 ], [ -17.247152219732826, 14.71785964452943, 0.0 ], [ -17.246886203959516, 14.717786991773037, 0.0 ] ] ] ] } },
{ "type": "Feature", "properties": { "OBJECTID": 41.0, "Shape_Leng": 152.16637478931628, "Shape_Area": 1056.7181626311428 }, "geometry": { "type": "MultiPolygon", "coordinates": [ [ [ [ -17.247478969187021, 14.71782455551555, 0.0 ], [ -17.247460100139964, 14.717785163785541, 0.0 ], [ -17.247569933717315, 14.717721238942742, 0.0 ], [ -17.247626753360599, 14.717688169277551, 0.0 ], [ -17.247762357437576, 14.717626425663095, 0.0 ], [ -17.247938518316197, 14.717520275325212, 0.0 ], [ -17.248015539931618, 14.717572429687516, 0.0 ], [ -17.247976181429188, 14.717613564768069, 0.0 ], [ -17.247900916941422, 14.717684065386877, 0.0 ], [ -17.247874217016424, 14.717725911549742, 0.0 ], [ -17.247808412363728, 14.71778003049384, 0.0 ], [ -17.247718137854665, 14.717901122022564, 0.0 ], [ -17.247629731068287, 14.717919915221017, 0.0 ], [ -17.247478969187021, 14.71782455551555, 0.0 ] ] ] ] } },
{ "type": "Feature", "properties": { "OBJECTID": 42.0, "Shape_Leng": 177.35623075463516, "Shape_Area": 1571.4255858698341 }, "geometry": { "type": "MultiPolygon", "coordinates": [ [ [ [ -17.248080757384297, 14.717884000478316, 0.0 ], [ -17.247968223632569, 14.717748906620972, 0.0 ], [ -17.247900916941422, 14.717684065386877, 0.0 ], [ -17.247976181429188, 14.717613564768069, 0.0 ], [ -17.248015539931618, 14.717572429687516, 0.0 ], [ -17.247938518316197, 14.717520275325212, 0.0 ], [ -17.248073325620858, 14.717429807778373, 0.0 ], [ -17.24809062247191, 14.71744939205694, 0.0 ], [ -17.248176225281249, 14.717545905237635, 0.0 ], [ -17.248383862828604, 14.717909512099709, 0.0 ], [ -17.248237462179151, 14.717998240147702, 0.0 ], [ -17.248080757384297, 14.717884000478316, 0.0 ] ] ] ] } },
{ "type": "Feature", "properties": { "OBJECTID": 43.0, "Shape_Leng": 309.16341911213158, "Shape_Area": 2540.10205400925 }, "geometry": { "type": "MultiPolygon", "coordinates": [ [ [ [ -17.246862381888345, 14.717921315705055, 0.0 ], [ -17.246831181487028, 14.717912071649909, 0.0 ], [ -17.246674466571342, 14.717875915477308, 0.0 ], [ -17.246819258058505, 14.717769136859861, 0.0 ], [ -17.246886203959516, 14.717786991773037, 0.0 ], [ -17.247152219732826, 14.71785964452943, 0.0 ], [ -17.247167100216199, 14.717786163785407, 0.0 ], [ -17.247247620415731, 14.717573388673205, 0.0 ], [ -17.247175737708659, 14.717535234143932, 0.0 ], [ -17.247224496967668, 14.717499475256801, 0.0 ], [ -17.247393788321734, 14.717358335701302, 0.0 ], [ -17.247402091804744, 14.717440214814191, 0.0 ], [ -17.24752689600502, 14.717666220209653, 0.0 ], [ -17.247569933717315, 14.717721238942742, 0.0 ], [ -17.247460100139964, 14.717785163785541, 0.0 ], [ -17.247315323074819, 14.717904190046324, 0.0 ], [ -17.247269545892447, 14.717914243356477, 0.0 ], [ -17.247077264911155, 14.718012256126158, 0.0 ], [ -17.246822098146822, 14.718110166889803, 0.0 ], [ -17.246862381888345, 14.717921315705055, 0.0 ] ] ] ] } },
{ "type": "Feature", "properties": { "OBJECTID": 44.0, "Shape_Leng": 174.46061938587471, "Shape_Area": 1861.1292253114991 }, "geometry": { "type": "MultiPolygon", "coordinates": [ [ [ [ -17.247342121746794, 14.718310214584106, 0.0 ], [ -17.247349394105136, 14.718079291646031, 0.0 ], [ -17.247345299431416, 14.717994581576109, 0.0 ], [ -17.247315323074819, 14.717904190046324, 0.0 ], [ -17.247460100139964, 14.717785163785541, 0.0 ], [ -17.247478969187021, 14.71782455551555, 0.0 ], [ -17.247629731068287, 14.717919915221017, 0.0 ], [ -17.2476646537352, 14.717955580353802, 0.0 ], [ -17.247679043455783, 14.717973028910043, 0.0 ], [ -17.247696222090646, 14.718028913887261, 0.0 ], [ -17.247703336840672, 14.718309791847915, 0.0 ], [ -17.247342121746794, 14.718310214584106, 0.0 ] ] ] ] } },
{ "type": "Feature", "properties": { "OBJECTID": 45.0, "Shape_Leng": 405.61682726006939, "Shape_Area": 4059.7403030880596 }, "geometry": { "type": "MultiPolygon", "coordinates": [ [ [ [ -17.247755376402875, 14.718545611773632, 0.0 ], [ -17.247837355946359, 14.718528391592873, 0.0 ], [ -17.247851216856304, 14.718481905705618, 0.0 ], [ -17.247848823614895, 14.718460344387852, 0.0 ], [ -17.247848554800395, 14.718434110147451, 0.0 ], [ -17.247870223566999, 14.718398912232724, 0.0 ], [ -17.247978218733468, 14.718265911700861, 0.0 ], [ -17.248054097104564, 14.718192160483818, 0.0 ], [ -17.248132164822856, 14.718118809042299, 0.0 ], [ -17.248237462179151, 14.717998240147702, 0.0 ], [ -17.248383862828604, 14.717909512099709, 0.0 ], [ -17.248176225281249, 14.717545905237635, 0.0 ], [ -17.24809062247191, 14.71744939205694, 0.0 ], [ -17.248073325620858, 14.717429807778373, 0.0 ], [ -17.248151579684357, 14.71737729187625, 0.0 ], [ -17.248318155383402, 14.717647096696288, 0.0 ], [ -17.248453096362191, 14.717587165308526, 0.0 ], [ -17.248466235249865, 14.717665715745115, 0.0 ], [ -17.248478686051705, 14.717820149897895, 0.0 ], [ -17.248523059385185, 14.718153362811375, 0.0 ], [ -17.248557268050906, 14.71831036586611, 0.0 ], [ -17.248522897269194, 14.718367781291464, 0.0 ], [ -17.248434219625807, 14.718402906121689, 0.0 ], [ -17.248345323208067, 14.71843625308211, 0.0 ], [ -17.248202454469901, 14.718489737014366, 0.0 ], [ -17.248144244527509, 14.718514877357089, 0.0 ], [ -17.247915296055876, 14.718559346420331, 0.0 ], [ -17.247792626706705, 14.718579118320326, 0.0 ], [ -17.247749374992601, 14.718579615836324, 0.0 ], [ -17.247755376402875, 14.718545611773632, 0.0 ] ] ] ] } },
{ "type": "Feature", "properties": { "OBJECTID": 46.0, "Shape_Leng": 317.49879695390791, "Shape_Area": 4422.087036965434 }, "geometry": { "type": "MultiPolygon", "coordinates": [ [ [ [ -17.24543094591192, 14.718480640367655, 0.0 ], [ -17.245268496742678, 14.718357268090418, 0.0 ], [ -17.245473136049196, 14.718095360054871, 0.0 ], [ -17.245819226224583, 14.717822564196924, 0.0 ], [ -17.245820429319984, 14.717823559069352, 0.0 ], [ -17.245900916866553, 14.717890113662971, 0.0 ], [ -17.245981314205935, 14.718003346672759, 0.0 ], [ -17.246026375276209, 14.717991614554586, 0.0 ], [ -17.246026772924818, 14.717894623333226, 0.0 ], [ -17.246138654676543, 14.717934578654337, 0.0 ], [ -17.246123102943624, 14.718047167311184, 0.0 ], [ -17.24610162156597, 14.718147753080308, 0.0 ], [ -17.24588521933611, 14.718353911827545, 0.0 ], [ -17.245968954578725, 14.718493109887531, 0.0 ], [ -17.245816231405435, 14.718571236170016, 0.0 ], [ -17.245787715979173, 14.718518130887396, 0.0 ], [ -17.245745738520295, 14.718457296285733, 0.0 ], [ -17.245691155282802, 14.718489424063332, 0.0 ], [ -17.245676376025102, 14.718536207014694, 0.0 ], [ -17.245517224963393, 14.718605907629826, 0.0 ], [ -17.24543094591192, 14.718480640367655, 0.0 ] ] ] ] } },
{ "type": "Feature", "properties": { "OBJECTID": 47.0, "Shape_Leng": 291.15630078817628, "Shape_Area": 4571.2923342633894 }, "geometry": { "type": "MultiPolygon", "coordinates": [ [ [ [ -17.246283796864279, 14.718581611492276, 0.0 ], [ -17.246066552635668, 14.718464731968826, 0.0 ], [ -17.246136223213654, 14.718217907745355, 0.0 ], [ -17.24610162156597, 14.718147753080308, 0.0 ], [ -17.246123102943624, 14.718047167311184, 0.0 ], [ -17.246275545693976, 14.71803290913633, 0.0 ], [ -17.246490586750724, 14.718054161583678, 0.0 ], [ -17.246527203381739, 14.717835981983484, 0.0 ], [ -17.246674466571342, 14.717875915477308, 0.0 ], [ -17.246831181487028, 14.717912071649909, 0.0 ], [ -17.246862381888345, 14.717921315705055, 0.0 ], [ -17.246822098146822, 14.718110166889803, 0.0 ], [ -17.246684096108027, 14.718386162494944, 0.0 ], [ -17.246598022853174, 14.718591332108772, 0.0 ], [ -17.246598093346325, 14.718598215463249, 0.0 ], [ -17.246283796864279, 14.718581611492276, 0.0 ] ] ] ] } },
{ "type": "Feature", "properties": { "OBJECTID": 48.0, "Shape_Leng": 340.1231177338326, "Shape_Area": 4275.1634414219288 }, "geometry": { "type": "MultiPolygon", "coordinates": [ [ [ [ -17.247340096874723, 14.718464160506121, 0.0 ], [ -17.247342121746794, 14.718310214584106, 0.0 ], [ -17.247703336840672, 14.718309791847915, 0.0 ], [ -17.247696222090646, 14.718028913887261, 0.0 ], [ -17.247679043455783, 14.717973028910043, 0.0 ], [ -17.2476646537352, 14.717955580353802, 0.0 ], [ -17.247629731068287, 14.717919915221017, 0.0 ], [ -17.247718137854665, 14.717901122022564, 0.0 ], [ -17.247808412363728, 14.71778003049384, 0.0 ], [ -17.247874217016424, 14.717725911549742, 0.0 ], [ -17.247900916941422, 14.717684065386877, 0.0 ], [ -17.247968223632569, 14.717748906620972, 0.0 ], [ -17.248080757384297, 14.717884000478316, 0.0 ], [ -17.248237462179151, 14.717998240147702, 0.0 ], [ -17.248132164822856, 14.718118809042299, 0.0 ], [ -17.248054097104564, 14.718192160483818, 0.0 ], [ -17.247978218733468, 14.718265911700861, 0.0 ], [ -17.247870223566999, 14.718398912232724, 0.0 ], [ -17.247848554800395, 14.718434110147451, 0.0 ], [ -17.247848823614895, 14.718460344387852, 0.0 ], [ -17.247851216856304, 14.718481905705618, 0.0 ], [ -17.247837355946359, 14.718528391592873, 0.0 ], [ -17.247755376402875, 14.718545611773632, 0.0 ], [ -17.247749374992601, 14.718579615836324, 0.0 ], [ -17.247353747125111, 14.718614765732575, 0.0 ], [ -17.247340096874723, 14.718464160506121, 0.0 ] ] ] ] } },
{ "type": "Feature", "properties": { "OBJECTID": 49.0, "Shape_Leng": 284.72503901933385, "Shape_Area": 4887.9858945305959 }, "geometry": { "type": "MultiPolygon", "coordinates": [ [ [ [ -17.246598678397429, 14.718655343059055, 0.0 ], [ -17.246598093346325, 14.718598215463249, 0.0 ], [ -17.246598022853174, 14.718591332108772, 0.0 ], [ -17.246684096108027, 14.718386162494944, 0.0 ], [ -17.246822098146822, 14.718110166889803, 0.0 ], [ -17.247077264911155, 14.718012256126158, 0.0 ], [ -17.247269545892447, 14.717914243356477, 0.0 ], [ -17.247315323074819, 14.717904190046324, 0.0 ], [ -17.247345299431416, 14.717994581576109, 0.0 ], [ -17.247349394105136, 14.718079291646031, 0.0 ], [ -17.247342121746794, 14.718310214584106, 0.0 ], [ -17.247340096874723, 14.718464160506121, 0.0 ], [ -17.247353747125111, 14.718614765732575, 0.0 ], [ -17.246955709391624, 14.718674689801302, 0.0 ], [ -17.246598678397429, 14.718655343059055, 0.0 ] ] ] ] } },
{ "type": "Feature", "properties": { "OBJECTID": 50.0, "Shape_Leng": 162.0386319352057, "Shape_Area": 1376.3009159286448 }, "geometry": { "type": "MultiPolygon", "coordinates": [ [ [ [ -17.245268496742678, 14.718357268090418, 0.0 ], [ -17.24543094591192, 14.718480640367655, 0.0 ], [ -17.245517224963393, 14.718605907629826, 0.0 ], [ -17.245571338240556, 14.718710421710421, 0.0 ], [ -17.245065178015153, 14.718809033265829, 0.0 ], [ -17.245268496742678, 14.718357268090418, 0.0 ] ] ] ] } },
{ "type": "Feature", "properties": { "OBJECTID": 51.0, "Shape_Leng": 0.55355281145296698, "Shape_Area": 0.0038362049948999998 }, "geometry": { "type": "MultiPolygon", "coordinates": [ [ [ [ -17.245065178015153, 14.718809033265829, 0.0 ], [ -17.245065048215981, 14.718809321848797, 0.0 ], [ -17.245062733929664, 14.718809509632262, 0.0 ], [ -17.245065178015153, 14.718809033265829, 0.0 ] ] ] ] } },
{ "type": "Feature", "properties": { "OBJECTID": 52.0, "Shape_Leng": 796.19435759265582, "Shape_Area": 22827.34644786784 }, "geometry": { "type": "MultiPolygon", "coordinates": [ [ [ [ -17.244404463705301, 14.718746445478043, 0.0 ], [ -17.244381738371867, 14.718675349560835, 0.0 ], [ -17.244463187101196, 14.71844532835947, 0.0 ], [ -17.244505096759191, 14.718359837916704, 0.0 ], [ -17.244396874389903, 14.718316516796794, 0.0 ], [ -17.24432503589345, 14.718150823971698, 0.0 ], [ -17.244202814057722, 14.718050214116582, 0.0 ], [ -17.24372024420088, 14.717897117896158, 0.0 ], [ -17.243671898338818, 14.718004051889988, 0.0 ], [ -17.24352982394463, 14.717966763214553, 0.0 ], [ -17.243369931423448, 14.717856790302925, 0.0 ], [ -17.243474904826837, 14.717484032824274, 0.0 ], [ -17.243891469627005, 14.717734945560798, 0.0 ], [ -17.243938230034662, 14.717652546191026, 0.0 ], [ -17.244201931485716, 14.717419797773504, 0.0 ], [ -17.244310164608994, 14.717365847767574, 0.0 ], [ -17.244379806642964, 14.717419503467555, 0.0 ], [ -17.244680743041911, 14.717216180658328, 0.0 ], [ -17.244730483362506, 14.717186714009511, 0.0 ], [ -17.245138135837088, 14.717619517683294, 0.0 ], [ -17.245333121985752, 14.71738065323234, 0.0 ], [ -17.245609792807869, 14.717563359224515, 0.0 ], [ -17.245819226224583, 14.717822564196924, 0.0 ], [ -17.245473136049196, 14.718095360054871, 0.0 ], [ -17.245268496742678, 14.718357268090418, 0.0 ], [ -17.245065178015153, 14.718809033265829, 0.0 ], [ -17.245062733929664, 14.718809509632262, 0.0 ], [ -17.244823271109102, 14.718828984667208, 0.0 ], [ -17.244600170379531, 14.718831147222014, 0.0 ], [ -17.244404463705301, 14.718746445478043, 0.0 ] ] ] ] } },
{ "type": "Feature", "properties": { "OBJECTID": 53.0, "Shape_Leng": 215.89930997281078, "Shape_Area": 2802.6517210587513 }, "geometry": { "type": "MultiPolygon", "coordinates": [ [ [ [ -17.248144244527509, 14.718514877357089, 0.0 ], [ -17.248202454469901, 14.718489737014366, 0.0 ], [ -17.248345323208067, 14.71843625308211, 0.0 ], [ -17.248434219625807, 14.718402906121689, 0.0 ], [ -17.248522897269194, 14.718367781291464, 0.0 ], [ -17.248707893642468, 14.718964893785687, 0.0 ], [ -17.248292552760628, 14.719017037108282, 0.0 ], [ -17.248144244527509, 14.718514877357089, 0.0 ] ] ] ] } },
{ "type": "Feature", "properties": { "OBJECTID": 54.0, "Shape_Leng": 500.08720526393887, "Shape_Area": 9202.4321902905122 }, "geometry": { "type": "MultiPolygon", "coordinates": [ [ [ [ -17.2475405150212, 14.71913207477713, 0.0 ], [ -17.247143727587854, 14.71906256203552, 0.0 ], [ -17.247058366136841, 14.718998883346273, 0.0 ], [ -17.247056932482899, 14.718858925166177, 0.0 ], [ -17.246973185128304, 14.718859737779407, 0.0 ], [ -17.24688360445921, 14.71907493732733, 0.0 ], [ -17.246529759361469, 14.719034155795336, 0.0 ], [ -17.24652623950233, 14.718690452433982, 0.0 ], [ -17.246598678397429, 14.718655343059055, 0.0 ], [ -17.246955709391624, 14.718674689801302, 0.0 ], [ -17.247353747125111, 14.718614765732575, 0.0 ], [ -17.247749374992601, 14.718579615836324, 0.0 ], [ -17.247792626706705, 14.718579118320326, 0.0 ], [ -17.247915296055876, 14.718559346420331, 0.0 ], [ -17.248144244527509, 14.718514877357089, 0.0 ], [ -17.248292552760628, 14.719017037108282, 0.0 ], [ -17.248068092679471, 14.719063802964769, 0.0 ], [ -17.247912827556334, 14.719082339122387, 0.0 ], [ -17.24777673996735, 14.719133755702099, 0.0 ], [ -17.247656247107138, 14.71916891714058, 0.0 ], [ -17.2475405150212, 14.71913207477713, 0.0 ] ] ] ] } },
{ "type": "Feature", "properties": { "OBJECTID": 55.0, "Shape_Leng": 262.92266189665219, "Shape_Area": 3292.085280409915 }, "geometry": { "type": "MultiPolygon", "coordinates": [ [ [ [ -17.248882892319255, 14.718985123169572, 0.0 ], [ -17.248758352428002, 14.718430756444478, 0.0 ], [ -17.249039082204618, 14.718356774836714, 0.0 ], [ -17.249063340945831, 14.718391041607221, 0.0 ], [ -17.249074216540468, 14.718519906478665, 0.0 ], [ -17.249080344823508, 14.718604420486004, 0.0 ], [ -17.249127546008854, 14.718710982994393, 0.0 ], [ -17.249164973404209, 14.718741640531636, 0.0 ], [ -17.249198130778989, 14.718854450920132, 0.0 ], [ -17.249261033886086, 14.719213511628256, 0.0 ], [ -17.24895314450016, 14.719291921795525, 0.0 ], [ -17.248882892319255, 14.718985123169572, 0.0 ] ] ] ] } },
{ "type": "Feature", "properties": { "OBJECTID": 56.0, "Shape_Leng": 199.65124951941451, "Shape_Area": 2372.830342546757 }, "geometry": { "type": "MultiPolygon", "coordinates": [ [ [ [ -17.24868276201061, 14.719456760890658, 0.0 ], [ -17.248466490997565, 14.719439088888761, 0.0 ], [ -17.248403309202686, 14.719408581013695, 0.0 ], [ -17.248371404226184, 14.719281531256035, 0.0 ], [ -17.248292552760628, 14.719017037108282, 0.0 ], [ -17.248707893642468, 14.718964893785687, 0.0 ], [ -17.248724703988213, 14.719040329279228, 0.0 ], [ -17.248865745961918, 14.719473208201405, 0.0 ], [ -17.24868276201061, 14.719456760890658, 0.0 ] ] ] ] } },
{ "type": "Feature", "properties": { "OBJECTID": 57.0, "Shape_Leng": 92.890364983568233, "Shape_Area": 528.01562027587033 }, "geometry": { "type": "MultiPolygon", "coordinates": [ [ [ [ -17.249037679303054, 14.719507255114394, 0.0 ], [ -17.249108228382489, 14.719459342175258, 0.0 ], [ -17.249208762709195, 14.719441748810228, 0.0 ], [ -17.249276748738612, 14.719406979134556, 0.0 ], [ -17.249295098922069, 14.719406405145829, 0.0 ], [ -17.249309911353109, 14.719554320697805, 0.0 ], [ -17.249307844778453, 14.719620310509919, 0.0 ], [ -17.249073108336116, 14.719622590507852, 0.0 ], [ -17.249037679303054, 14.719507255114394, 0.0 ] ] ] ] } },
{ "type": "Feature", "properties": { "OBJECTID": 58.0, "Shape_Leng": 138.52213670943163, "Shape_Area": 1036.0330125049275 }, "geometry": { "type": "MultiPolygon", "coordinates": [ [ [ [ -17.248453419358384, 14.719627591935122, 0.0 ], [ -17.248466490997565, 14.719439088888761, 0.0 ], [ -17.24868276201061, 14.719456760890658, 0.0 ], [ -17.248865745961918, 14.719473208201405, 0.0 ], [ -17.248920136785237, 14.719681134388592, 0.0 ], [ -17.248857727814919, 14.719681740488582, 0.0 ], [ -17.248453419358384, 14.719627591935122, 0.0 ] ] ] ] } },
{ "type": "Feature", "properties": { "OBJECTID": 59.0, "Shape_Leng": 239.9006596457653, "Shape_Area": 3648.6526449148614 }, "geometry": { "type": "MultiPolygon", "coordinates": [ [ [ [ -17.247042548219724, 14.719290345682795, 0.0 ], [ -17.247143727587854, 14.71906256203552, 0.0 ], [ -17.2475405150212, 14.71913207477713, 0.0 ], [ -17.247656247107138, 14.71916891714058, 0.0 ], [ -17.247630338193382, 14.719212419031097, 0.0 ], [ -17.247599668814495, 14.719365377092176, 0.0 ], [ -17.247542228328289, 14.719564948148305, 0.0 ], [ -17.247543001292492, 14.719640387634035, 0.0 ], [ -17.247553355691782, 14.719706677086409, 0.0 ], [ -17.247340505676291, 14.719725556794513, 0.0 ], [ -17.247151052183835, 14.719737778805552, 0.0 ], [ -17.247042548219724, 14.719290345682795, 0.0 ] ] ] ] } },
{ "type": "Feature", "properties": { "OBJECTID": 60.0, "Shape_Leng": 283.04218420167956, "Shape_Area": 4499.8680519061518 }, "geometry": { "type": "MultiPolygon", "coordinates": [ [ [ [ -17.248189199422836, 14.719832749681876, 0.0 ], [ -17.248028795928121, 14.719834306953476, 0.0 ], [ -17.247975100762474, 14.719574161129806, 0.0 ], [ -17.247887918193719, 14.719289327785628, 0.0 ], [ -17.247813365470122, 14.719222149009896, 0.0 ], [ -17.24777673996735, 14.719133755702099, 0.0 ], [ -17.247912827556334, 14.719082339122387, 0.0 ], [ -17.248068092679471, 14.719063802964769, 0.0 ], [ -17.248292552760628, 14.719017037108282, 0.0 ], [ -17.248371404226184, 14.719281531256035, 0.0 ], [ -17.248403309202686, 14.719408581013695, 0.0 ], [ -17.248466490997565, 14.719439088888761, 0.0 ], [ -17.248453419358384, 14.719627591935122, 0.0 ], [ -17.24843818978189, 14.719847203849412, 0.0 ], [ -17.248189199422836, 14.719832749681876, 0.0 ] ] ] ] } },
{ "type": "Feature", "properties": { "OBJECTID": 61.0, "Shape_Leng": 157.32046864689957, "Shape_Area": 1431.9919785501334 }, "geometry": { "type": "MultiPolygon", "coordinates": [ [ [ [ -17.248737339043512, 14.719914415930887, 0.0 ], [ -17.24847412270832, 14.71988538075256, 0.0 ], [ -17.24843818978189, 14.719847203849412, 0.0 ], [ -17.248453419358384, 14.719627591935122, 0.0 ], [ -17.248857727814919, 14.719681740488582, 0.0 ], [ -17.248920136785237, 14.719681134388592, 0.0 ], [ -17.248930310279075, 14.719834229831614, 0.0 ], [ -17.248912948087622, 14.71994031797629, 0.0 ], [ -17.248737339043512, 14.719914415930887, 0.0 ] ] ] ] } },
{ "type": "Feature", "properties": { "OBJECTID": 62.0, "Shape_Leng": 219.50454319081032, "Shape_Area": 2910.6331708591774 }, "geometry": { "type": "MultiPolygon", "coordinates": [ [ [ [ -17.247033217982892, 14.720024905667691, 0.0 ], [ -17.246890867036353, 14.719887099161209, 0.0 ], [ -17.246974405163886, 14.719771209770931, 0.0 ], [ -17.247151052183835, 14.719737778805552, 0.0 ], [ -17.247340505676291, 14.719725556794513, 0.0 ], [ -17.247553355691782, 14.719706677086409, 0.0 ], [ -17.247582217186142, 14.719891438226412, 0.0 ], [ -17.247571135185776, 14.719906895044216, 0.0 ], [ -17.247544395395046, 14.719913800988028, 0.0 ], [ -17.24752678137596, 14.719919001026586, 0.0 ], [ -17.247529180342845, 14.720153128858174, 0.0 ], [ -17.247109007177166, 14.720192108502109, 0.0 ], [ -17.247033217982892, 14.720024905667691, 0.0 ] ] ] ] } },
{ "type": "Feature", "properties": { "OBJECTID": 63.0, "Shape_Leng": 198.86447122091013, "Shape_Area": 1358.8695771415682 }, "geometry": { "type": "MultiPolygon", "coordinates": [ [ [ [ -17.249147577613364, 14.719821827467806, 0.0 ], [ -17.249073108336116, 14.719622590507852, 0.0 ], [ -17.249307844778453, 14.719620310509919, 0.0 ], [ -17.249368102659734, 14.719811165991734, 0.0 ], [ -17.249379101908154, 14.719991160595058, 0.0 ], [ -17.249394622754778, 14.720127391966782, 0.0 ], [ -17.249404096148918, 14.720195161672354, 0.0 ], [ -17.24945697962027, 14.72031170258073, 0.0 ], [ -17.249381125073885, 14.72033881181529, 0.0 ], [ -17.249147577613364, 14.719821827467806, 0.0 ] ] ] ] } },
{ "type": "Feature", "properties": { "OBJECTID": 64.0, "Shape_Leng": 193.03048691862068, "Shape_Area": 1329.7843591070121 }, "geometry": { "type": "MultiPolygon", "coordinates": [ [ [ [ -17.249111098172587, 14.7203541655682, 0.0 ], [ -17.248908919241117, 14.720350867082098, 0.0 ], [ -17.248912948087622, 14.71994031797629, 0.0 ], [ -17.248930310279075, 14.719834229831614, 0.0 ], [ -17.248920136785237, 14.719681134388592, 0.0 ], [ -17.248948533281215, 14.719748538746105, 0.0 ], [ -17.249242344320326, 14.720350417749978, 0.0 ], [ -17.249190374021694, 14.72037561163752, 0.0 ], [ -17.249111098172587, 14.7203541655682, 0.0 ] ] ] ] } },
{ "type": "Feature", "properties": { "OBJECTID": 65.0, "Shape_Leng": 297.44067754306843, "Shape_Area": 4970.9799788008577 }, "geometry": { "type": "MultiPolygon", "coordinates": [ [ [ [ -17.248236224156969, 14.720315912778316, 0.0 ], [ -17.248093310331189, 14.720263305090876, 0.0 ], [ -17.248092612562139, 14.720195224196262, 0.0 ], [ -17.247931801302926, 14.720152037830733, 0.0 ], [ -17.247952817360805, 14.720101330728101, 0.0 ], [ -17.248015100178552, 14.720052167409783, 0.0 ], [ -17.248028795928121, 14.719834306953476, 0.0 ], [ -17.248189199422836, 14.719832749681876, 0.0 ], [ -17.24843818978189, 14.719847203849412, 0.0 ], [ -17.24847412270832, 14.71988538075256, 0.0 ], [ -17.248737339043512, 14.719914415930887, 0.0 ], [ -17.248912948087622, 14.71994031797629, 0.0 ], [ -17.248908919241117, 14.720350867082098, 0.0 ], [ -17.248809621461941, 14.720364700503907, 0.0 ], [ -17.248616659362032, 14.720391583365648, 0.0 ], [ -17.248236224156969, 14.720315912778316, 0.0 ] ] ] ] } },
{ "type": "Feature", "properties": { "OBJECTID": 66.0, "Shape_Leng": 273.28970715129657, "Shape_Area": 2170.3645832165817 }, "geometry": { "type": "MultiPolygon", "coordinates": [ [ [ [ -17.249381125073885, 14.72033881181529, 0.0 ], [ -17.24945697962027, 14.72031170258073, 0.0 ], [ -17.249404096148918, 14.720195161672354, 0.0 ], [ -17.249394622754778, 14.720127391966782, 0.0 ], [ -17.249379101908154, 14.719991160595058, 0.0 ], [ -17.249368102659734, 14.719811165991734, 0.0 ], [ -17.249307844778453, 14.719620310509919, 0.0 ], [ -17.249309911353109, 14.719554320697805, 0.0 ], [ -17.249295098922069, 14.719406405145829, 0.0 ], [ -17.249294719402315, 14.719402619409953, 0.0 ], [ -17.249353758105659, 14.719393746075394, 0.0 ], [ -17.249440225291796, 14.719392906153207, 0.0 ], [ -17.249467420700324, 14.719663369694524, 0.0 ], [ -17.249526990810519, 14.719844808839522, 0.0 ], [ -17.249553220970164, 14.719839907147167, 0.0 ], [ -17.249671376249886, 14.720317612369461, 0.0 ], [ -17.249426683794837, 14.720408356987024, 0.0 ], [ -17.249381125073885, 14.72033881181529, 0.0 ] ] ] ] } },
{ "type": "Feature", "properties": { "OBJECTID": 67.0, "Shape_Leng": 434.96048400692354, "Shape_Area": 5851.0704925363307 }, "geometry": { "type": "MultiPolygon", "coordinates": [ [ [ [ -17.247109007177166, 14.720192108502109, 0.0 ], [ -17.247529180342845, 14.720153128858174, 0.0 ], [ -17.24752678137596, 14.719919001026586, 0.0 ], [ -17.247544395395046, 14.719913800988028, 0.0 ], [ -17.247571135185776, 14.719906895044216, 0.0 ], [ -17.247582217186142, 14.719891438226412, 0.0 ], [ -17.247553355691782, 14.719706677086409, 0.0 ], [ -17.247543001292492, 14.719640387634035, 0.0 ], [ -17.247542228328289, 14.719564948148305, 0.0 ], [ -17.247599668814495, 14.719365377092176, 0.0 ], [ -17.247630338193382, 14.719212419031097, 0.0 ], [ -17.247656247107138, 14.71916891714058, 0.0 ], [ -17.24777673996735, 14.719133755702099, 0.0 ], [ -17.247813365470122, 14.719222149009896, 0.0 ], [ -17.247887918193719, 14.719289327785628, 0.0 ], [ -17.247975100762474, 14.719574161129806, 0.0 ], [ -17.248028795928121, 14.719834306953476, 0.0 ], [ -17.247882101636712, 14.719865161874843, 0.0 ], [ -17.247785221880754, 14.719917911009093, 0.0 ], [ -17.247761996595962, 14.720403030232859, 0.0 ], [ -17.247506356664811, 14.720405511666765, 0.0 ], [ -17.247228601617543, 14.720496155757656, 0.0 ], [ -17.247109007177166, 14.720192108502109, 0.0 ] ] ] ] } },
{ "type": "Feature", "properties": { "OBJECTID": 68.0, "Shape_Leng": 668.6386482175219, "Shape_Area": 19710.281193107847 }, "geometry": { "type": "MultiPolygon", "coordinates": [ [ [ [ -17.243906436003428, 14.719940104266142, 0.0 ], [ -17.244102765333153, 14.7198149791191, 0.0 ], [ -17.243836658791732, 14.719049167284071, 0.0 ], [ -17.244067316907728, 14.718974985355432, 0.0 ], [ -17.245414839343816, 14.718824296650091, 0.0 ], [ -17.245416032811995, 14.718940892762465, 0.0 ], [ -17.24519264564719, 14.71924105583113, 0.0 ], [ -17.245309255961764, 14.719354373442865, 0.0 ], [ -17.245506436150524, 14.719506761075623, 0.0 ], [ -17.245394218543719, 14.719609014566448, 0.0 ], [ -17.245304012212408, 14.719753837937319, 0.0 ], [ -17.244677962683081, 14.719953022142047, 0.0 ], [ -17.244366838642964, 14.720396927686949, 0.0 ], [ -17.244090406741844, 14.720623154554309, 0.0 ], [ -17.243906436003428, 14.719940104266142, 0.0 ] ] ] ] } },
{ "type": "Feature", "properties": { "OBJECTID": 69.0, "Shape_Leng": 218.61103942326275, "Shape_Area": 2103.6325306039034 }, "geometry": { "type": "MultiPolygon", "coordinates": [ [ [ [ -17.248305177094565, 14.720746304293149, 0.0 ], [ -17.248390103895066, 14.720541160666698, 0.0 ], [ -17.248170297120556, 14.720519550017148, 0.0 ], [ -17.248236224156969, 14.720315912778316, 0.0 ], [ -17.248616659362032, 14.720391583365648, 0.0 ], [ -17.248809621461941, 14.720364700503907, 0.0 ], [ -17.248815953620454, 14.72039602236952, 0.0 ], [ -17.248605467021434, 14.720776421544789, 0.0 ], [ -17.248305177094565, 14.720746304293149, 0.0 ] ] ] ] } },
{ "type": "Feature", "properties": { "OBJECTID": 70.0, "Shape_Leng": 338.51854665934388, "Shape_Area": 4265.6655366189761 }, "geometry": { "type": "MultiPolygon", "coordinates": [ [ [ [ -17.247849645046063, 14.720791610142845, 0.0 ], [ -17.247767378118301, 14.720749614645214, 0.0 ], [ -17.247821412700116, 14.720472163882695, 0.0 ], [ -17.247787338839348, 14.720454421246902, 0.0 ], [ -17.247761996595962, 14.720403030232859, 0.0 ], [ -17.247785221880754, 14.719917911009093, 0.0 ], [ -17.247882101636712, 14.719865161874843, 0.0 ], [ -17.248028795928121, 14.719834306953476, 0.0 ], [ -17.248015100178552, 14.720052167409783, 0.0 ], [ -17.247952817360805, 14.720101330728101, 0.0 ], [ -17.247931801302926, 14.720152037830733, 0.0 ], [ -17.248092612562139, 14.720195224196262, 0.0 ], [ -17.248093310331189, 14.720263305090876, 0.0 ], [ -17.248236224156969, 14.720315912778316, 0.0 ], [ -17.248170297120556, 14.720519550017148, 0.0 ], [ -17.248390103895066, 14.720541160666698, 0.0 ], [ -17.248305177094565, 14.720746304293149, 0.0 ], [ -17.248242076988134, 14.720790643536896, 0.0 ], [ -17.248061365375069, 14.72084266716514, 0.0 ], [ -17.247849645046063, 14.720791610142845, 0.0 ] ] ] ] } },
{ "type": "Feature", "properties": { "OBJECTID": 71.0, "Shape_Leng": 259.45661259516299, "Shape_Area": 3778.4421391303185 }, "geometry": { "type": "MultiPolygon", "coordinates": [ [ [ [ -17.248935642865025, 14.721001526275339, 0.0 ], [ -17.248908919241117, 14.720350867082098, 0.0 ], [ -17.249111098172587, 14.7203541655682, 0.0 ], [ -17.249190374021694, 14.72037561163752, 0.0 ], [ -17.249242344320326, 14.720350417749978, 0.0 ], [ -17.249583220627343, 14.720999906886657, 0.0 ], [ -17.248935642865025, 14.721001526275339, 0.0 ] ] ] ] } },
{ "type": "Feature", "properties": { "OBJECTID": 72.0, "Shape_Leng": 617.3987683858154, "Shape_Area": 22070.918900306842 }, "geometry": { "type": "MultiPolygon", "coordinates": [ [ [ [ -17.244353539421414, 14.721194435002445, 0.0 ], [ -17.24425027645615, 14.721157078968442, 0.0 ], [ -17.243968039660164, 14.721152843610497, 0.0 ], [ -17.244090406741844, 14.720623154554309, 0.0 ], [ -17.244366838642964, 14.720396927686949, 0.0 ], [ -17.244677962683081, 14.719953022142047, 0.0 ], [ -17.245304012212408, 14.719753837937319, 0.0 ], [ -17.245394218543719, 14.719609014566448, 0.0 ], [ -17.245805157517164, 14.719784880148961, 0.0 ], [ -17.245971107538942, 14.720158898522673, 0.0 ], [ -17.245658534671922, 14.720570116963785, 0.0 ], [ -17.245475814966863, 14.720966154189696, 0.0 ], [ -17.245029088574231, 14.720970486004076, 0.0 ], [ -17.244949377673333, 14.721049571065439, 0.0 ], [ -17.244542755797454, 14.721223010270958, 0.0 ], [ -17.244353539421414, 14.721194435002445, 0.0 ] ] ] ] } },
{ "type": "Feature", "properties": { "OBJECTID": 73.0, "Shape_Leng": 336.01885715275188, "Shape_Area": 5090.8221615962966 }, "geometry": { "type": "MultiPolygon", "coordinates": [ [ [ [ -17.246516846797245, 14.721166310705906, 0.0 ], [ -17.246414765628689, 14.720820343435177, 0.0 ], [ -17.246413037828585, 14.720651642987901, 0.0 ], [ -17.246461098145097, 14.720313164040713, 0.0 ], [ -17.246467671226224, 14.720043808699941, 0.0 ], [ -17.24663256619068, 14.720165229798011, 0.0 ], [ -17.24679308943934, 14.720545729558697, 0.0 ], [ -17.24696944299107, 14.721192233516422, 0.0 ], [ -17.246579654637067, 14.721357583341927, 0.0 ], [ -17.246516846797245, 14.721166310705906, 0.0 ] ] ] ] } },
{ "type": "Feature", "properties": { "OBJECTID": 74.0, "Shape_Leng": 292.99359082188647, "Shape_Area": 3725.396552060789 }, "geometry": { "type": "MultiPolygon", "coordinates": [ [ [ [ -17.248567918499898, 14.721122821808041, 0.0 ], [ -17.248605467021434, 14.720776421544789, 0.0 ], [ -17.248815953620454, 14.72039602236952, 0.0 ], [ -17.248809621461941, 14.720364700503907, 0.0 ], [ -17.248908919241117, 14.720350867082098, 0.0 ], [ -17.248935642865025, 14.721001526275339, 0.0 ], [ -17.248936199661738, 14.721015086530578, 0.0 ], [ -17.248925993873424, 14.721397565866697, 0.0 ], [ -17.248616686905471, 14.721493668315739, 0.0 ], [ -17.248567918499898, 14.721122821808041, 0.0 ] ] ] ] } },
{ "type": "Feature", "properties": { "OBJECTID": 75.0, "Shape_Leng": 442.15001111406002, "Shape_Area": 11198.798911039439 }, "geometry": { "type": "MultiPolygon", "coordinates": [ [ [ [ -17.247362544533058, 14.721549527025003, 0.0 ], [ -17.24696944299107, 14.721192233516422, 0.0 ], [ -17.24679308943934, 14.720545729558697, 0.0 ], [ -17.247228601617543, 14.720496155757656, 0.0 ], [ -17.247506356664811, 14.720405511666765, 0.0 ], [ -17.247761996595962, 14.720403030232859, 0.0 ], [ -17.247787338839348, 14.720454421246902, 0.0 ], [ -17.247821412700116, 14.720472163882695, 0.0 ], [ -17.247767378118301, 14.720749614645214, 0.0 ], [ -17.247849645046063, 14.720791610142845, 0.0 ], [ -17.248061365375069, 14.72084266716514, 0.0 ], [ -17.247934605630178, 14.720999234430174, 0.0 ], [ -17.247929888774294, 14.721039097194767, 0.0 ], [ -17.247700818434947, 14.721406381621303, 0.0 ], [ -17.247621915526882, 14.721623100549749, 0.0 ], [ -17.247362544533058, 14.721549527025003, 0.0 ] ] ] ] } },
{ "type": "Feature", "properties": { "OBJECTID": 76.0, "Shape_Leng": 287.73352910861433, "Shape_Area": 4997.7160077511244 }, "geometry": { "type": "MultiPolygon", "coordinates": [ [ [ [ -17.24819923774691, 14.721483966650752, 0.0 ], [ -17.24796520872134, 14.721099062527079, 0.0 ], [ -17.247929888774294, 14.721039097194767, 0.0 ], [ -17.247934605630178, 14.720999234430174, 0.0 ], [ -17.248061365375069, 14.72084266716514, 0.0 ], [ -17.248242076988134, 14.720790643536896, 0.0 ], [ -17.248305177094565, 14.720746304293149, 0.0 ], [ -17.248605467021434, 14.720776421544789, 0.0 ], [ -17.248567918499898, 14.721122821808041, 0.0 ], [ -17.248616686905471, 14.721493668315739, 0.0 ], [ -17.248406755131356, 14.721569696542696, 0.0 ], [ -17.248218423687447, 14.721637901676319, 0.0 ], [ -17.24819923774691, 14.721483966650752, 0.0 ] ] ] ] } },
{ "type": "Feature", "properties": { "OBJECTID": 77.0, "Shape_Leng": 635.3996987102729, "Shape_Area": 20200.711179989044 }, "geometry": { "type": "MultiPolygon", "coordinates": [ [ [ [ -17.245627744739807, 14.721719984473278, 0.0 ], [ -17.245336147795488, 14.721636949408673, 0.0 ], [ -17.245002102885817, 14.721632165184827, 0.0 ], [ -17.244970310313384, 14.721438052298222, 0.0 ], [ -17.244949377673333, 14.721049571065439, 0.0 ], [ -17.245029088574231, 14.720970486004076, 0.0 ], [ -17.245475814966863, 14.720966154189696, 0.0 ], [ -17.245658534671922, 14.720570116963785, 0.0 ], [ -17.245971107538942, 14.720158898522673, 0.0 ], [ -17.24611143408022, 14.719972388442894, 0.0 ], [ -17.246355682880139, 14.719996732155803, 0.0 ], [ -17.246467671226224, 14.720043808699941, 0.0 ], [ -17.246461098145097, 14.720313164040713, 0.0 ], [ -17.246413037828585, 14.720651642987901, 0.0 ], [ -17.246414765628689, 14.720820343435177, 0.0 ], [ -17.246516846797245, 14.721166310705906, 0.0 ], [ -17.246579654637067, 14.721357583341927, 0.0 ], [ -17.246236658256461, 14.721552578127133, 0.0 ], [ -17.245946104673386, 14.721630166119052, 0.0 ], [ -17.245913221250735, 14.721776912111473, 0.0 ], [ -17.245627744739807, 14.721719984473278, 0.0 ] ] ] ] } },
{ "type": "Feature", "properties": { "OBJECTID": 78.0, "Shape_Leng": 413.04522681778553, "Shape_Area": 8310.4109382455208 }, "geometry": { "type": "MultiPolygon", "coordinates": [ [ [ [ -17.248659816885482, 14.722032849198992, 0.0 ], [ -17.248468378974394, 14.721753610697919, 0.0 ], [ -17.248406755131356, 14.721569696542696, 0.0 ], [ -17.248616686905471, 14.721493668315739, 0.0 ], [ -17.248925993873424, 14.721397565866697, 0.0 ], [ -17.248936199661738, 14.721015086530578, 0.0 ], [ -17.248935642865025, 14.721001526275339, 0.0 ], [ -17.249583220627343, 14.720999906886657, 0.0 ], [ -17.249717230941656, 14.72123131000132, 0.0 ], [ -17.249722415888051, 14.721319112925727, 0.0 ], [ -17.249589224878335, 14.72144664334691, 0.0 ], [ -17.249340802414739, 14.721587666188244, 0.0 ], [ -17.249117856109585, 14.721736363517051, 0.0 ], [ -17.248846654521017, 14.721997577556484, 0.0 ], [ -17.248795219372216, 14.722031907267752, 0.0 ], [ -17.248659816885482, 14.722032849198992, 0.0 ] ] ] ] } },
{ "type": "Feature", "properties": { "OBJECTID": 79.0, "Shape_Leng": 76.159457557741561, "Shape_Area": 365.07600912108273 }, "geometry": { "type": "MultiPolygon", "coordinates": [ [ [ [ -17.244139176619864, 14.722256400257301, 0.0 ], [ -17.244145911238135, 14.722100293275995, 0.0 ], [ -17.244347208477116, 14.722115201167643, 0.0 ], [ -17.244342338482213, 14.722234419440328, 0.0 ], [ -17.244327658804327, 14.722263578819218, 0.0 ], [ -17.244139176619864, 14.722256400257301, 0.0 ] ] ] ] } },
{ "type": "Feature", "properties": { "OBJECTID": 80.0, "Shape_Leng": 229.66897002939521, "Shape_Area": 2929.0631405912968 }, "geometry": { "type": "MultiPolygon", "coordinates": [ [ [ [ -17.248240624640047, 14.722256385013186, 0.0 ], [ -17.248157578039841, 14.722179056460011, 0.0 ], [ -17.248096577497371, 14.722082115822603, 0.0 ], [ -17.248468378974394, 14.721753610697919, 0.0 ], [ -17.248659816885482, 14.722032849198992, 0.0 ], [ -17.248795219372216, 14.722031907267752, 0.0 ], [ -17.248531377335549, 14.722405612764456, 0.0 ], [ -17.248352767776257, 14.722387959279056, 0.0 ], [ -17.248253104990841, 14.722419168388718, 0.0 ], [ -17.248240624640047, 14.722256385013186, 0.0 ] ] ] ] } },
{ "type": "Feature", "properties": { "OBJECTID": 81.0, "Shape_Leng": 453.54678840761989, "Shape_Area": 10043.575504683373 }, "geometry": { "type": "MultiPolygon", "coordinates": [ [ [ [ -17.243718541410942, 14.722429148371132, 0.0 ], [ -17.24362962745942, 14.722313384172093, 0.0 ], [ -17.243430103977765, 14.722259169076008, 0.0 ], [ -17.243819316665075, 14.721542740747047, 0.0 ], [ -17.243968039660164, 14.721152843610497, 0.0 ], [ -17.24425027645615, 14.721157078968442, 0.0 ], [ -17.244353539421414, 14.721194435002445, 0.0 ], [ -17.244542755797454, 14.721223010270958, 0.0 ], [ -17.244534096778764, 14.721773163682732, 0.0 ], [ -17.244453094163767, 14.721792111815217, 0.0 ], [ -17.244320383202538, 14.722039676155722, 0.0 ], [ -17.244347208477116, 14.722115201167643, 0.0 ], [ -17.244145911238135, 14.722100293275995, 0.0 ], [ -17.244139176619864, 14.722256400257301, 0.0 ], [ -17.243989735223156, 14.722242936735503, 0.0 ], [ -17.243961400391278, 14.722379984250573, 0.0 ], [ -17.243984802876476, 14.72242530743412, 0.0 ], [ -17.243939138085295, 14.722464968039056, 0.0 ], [ -17.243718541410942, 14.722429148371132, 0.0 ] ] ] ] } },
{ "type": "Feature", "properties": { "OBJECTID": 82.0, "Shape_Leng": 417.48388548007529, "Shape_Area": 8541.0736705968084 }, "geometry": { "type": "MultiPolygon", "coordinates": [ [ [ [ -17.247691489480317, 14.722438951415384, 0.0 ], [ -17.247577856580634, 14.72219259622868, 0.0 ], [ -17.24751027560027, 14.721929734489574, 0.0 ], [ -17.247621915526882, 14.721623100549749, 0.0 ], [ -17.247700818434947, 14.721406381621303, 0.0 ], [ -17.247929888774294, 14.721039097194767, 0.0 ], [ -17.24796520872134, 14.721099062527079, 0.0 ], [ -17.24819923774691, 14.721483966650752, 0.0 ], [ -17.248218423687447, 14.721637901676319, 0.0 ], [ -17.248406755131356, 14.721569696542696, 0.0 ], [ -17.248468378974394, 14.721753610697919, 0.0 ], [ -17.248096577497371, 14.722082115822603, 0.0 ], [ -17.248157578039841, 14.722179056460011, 0.0 ], [ -17.247944532837479, 14.722368044694344, 0.0 ], [ -17.247846277469201, 14.722479241647289, 0.0 ], [ -17.247691489480317, 14.722438951415384, 0.0 ] ] ] ] } },
{ "type": "Feature", "properties": { "OBJECTID": 83.0, "Shape_Leng": 304.21028305626589, "Shape_Area": 5072.3887047787275 }, "geometry": { "type": "MultiPolygon", "coordinates": [ [ [ [ -17.245261097642882, 14.722550167417419, 0.0 ], [ -17.245321495301869, 14.722188252169365, 0.0 ], [ -17.245282098114213, 14.721909166882796, 0.0 ], [ -17.245336147795488, 14.721636949408673, 0.0 ], [ -17.245627744739807, 14.721719984473278, 0.0 ], [ -17.245913221250735, 14.721776912111473, 0.0 ], [ -17.245622846317669, 14.722615995420664, 0.0 ], [ -17.245261097642882, 14.722550167417419, 0.0 ] ] ] ] } },
{ "type": "Feature", "properties": { "OBJECTID": 84.0, "Shape_Leng": 288.02857647590031, "Shape_Area": 3615.2199814054929 }, "geometry": { "type": "MultiPolygon", "coordinates": [ [ [ [ -17.24721262103294, 14.722749683233328, 0.0 ], [ -17.247257826479505, 14.722726410311811, 0.0 ], [ -17.247353100181833, 14.722676161540521, 0.0 ], [ -17.247211736116885, 14.722323483479435, 0.0 ], [ -17.24751027560027, 14.721929734489574, 0.0 ], [ -17.247577856580634, 14.72219259622868, 0.0 ], [ -17.247691489480317, 14.722438951415384, 0.0 ], [ -17.247846277469201, 14.722479241647289, 0.0 ], [ -17.24772720604804, 14.722640580839158, 0.0 ], [ -17.247729492947489, 14.722693241943793, 0.0 ], [ -17.247729814769315, 14.7227154025279, 0.0 ], [ -17.247320738777198, 14.722888797359706, 0.0 ], [ -17.24721262103294, 14.722749683233328, 0.0 ] ] ] ] } },
{ "type": "Feature", "properties": { "OBJECTID": 85.0, "Shape_Leng": 236.05289146249606, "Shape_Area": 3062.9923211284149 }, "geometry": { "type": "MultiPolygon", "coordinates": [ [ [ [ -17.247753846942892, 14.722910307421483, 0.0 ], [ -17.247729814769315, 14.7227154025279, 0.0 ], [ -17.247729492947489, 14.722693241943793, 0.0 ], [ -17.24772720604804, 14.722640580839158, 0.0 ], [ -17.247846277469201, 14.722479241647289, 0.0 ], [ -17.247944532837479, 14.722368044694344, 0.0 ], [ -17.248157578039841, 14.722179056460011, 0.0 ], [ -17.248240624640047, 14.722256385013186, 0.0 ], [ -17.248253104990841, 14.722419168388718, 0.0 ], [ -17.248384102241449, 14.722560166819934, 0.0 ], [ -17.248155028374203, 14.722703099651293, 0.0 ], [ -17.247840217369262, 14.72296690655654, 0.0 ], [ -17.247753846942892, 14.722910307421483, 0.0 ] ] ] ] } },
{ "type": "Feature", "properties": { "OBJECTID": 86.0, "Shape_Leng": 681.04624065429925, "Shape_Area": 23917.242345604689 }, "geometry": { "type": "MultiPolygon", "coordinates": [ [ [ [ -17.245785507618201, 14.722854730175033, 0.0 ], [ -17.24561947034503, 14.722760738481769, 0.0 ], [ -17.245622846317669, 14.722615995420664, 0.0 ], [ -17.245913221250735, 14.721776912111473, 0.0 ], [ -17.245946104673386, 14.721630166119052, 0.0 ], [ -17.246236658256461, 14.721552578127133, 0.0 ], [ -17.246579654637067, 14.721357583341927, 0.0 ], [ -17.24696944299107, 14.721192233516422, 0.0 ], [ -17.247362544533058, 14.721549527025003, 0.0 ], [ -17.247621915526882, 14.721623100549749, 0.0 ], [ -17.24751027560027, 14.721929734489574, 0.0 ], [ -17.247211736116885, 14.722323483479435, 0.0 ], [ -17.246859217782706, 14.722719906486946, 0.0 ], [ -17.246604202206292, 14.722559139477127, 0.0 ], [ -17.246402728831015, 14.722507941217176, 0.0 ], [ -17.246335241338933, 14.72281521080806, 0.0 ], [ -17.246218444470006, 14.722709399727984, 0.0 ], [ -17.246098271770059, 14.722826619350524, 0.0 ], [ -17.246023666332775, 14.722927424164434, 0.0 ], [ -17.24600184649541, 14.722985100715801, 0.0 ], [ -17.245785507618201, 14.722854730175033, 0.0 ] ] ] ] } },
{ "type": "Feature", "properties": { "OBJECTID": 87.0, "Shape_Leng": 475.64233348018121, "Shape_Area": 8234.9144834476883 }, "geometry": { "type": "MultiPolygon", "coordinates": [ [ [ [ -17.249386099485921, 14.722891165634383, 0.0 ], [ -17.249064374526885, 14.722703616632089, 0.0 ], [ -17.249068267587724, 14.722594490627371, 0.0 ], [ -17.248606042695556, 14.722478477776034, 0.0 ], [ -17.248384102241449, 14.722560166819934, 0.0 ], [ -17.248253104990841, 14.722419168388718, 0.0 ], [ -17.248352767776257, 14.722387959279056, 0.0 ], [ -17.248531377335549, 14.722405612764456, 0.0 ], [ -17.248795219372216, 14.722031907267752, 0.0 ], [ -17.249061803309896, 14.722092870633745, 0.0 ], [ -17.249303691110722, 14.722115069842298, 0.0 ], [ -17.249397687244031, 14.72212652693397, 0.0 ], [ -17.249363968813917, 14.722287665490789, 0.0 ], [ -17.249907085392522, 14.722468914666655, 0.0 ], [ -17.249994387326396, 14.722537469390582, 0.0 ], [ -17.249829218159562, 14.722651914093571, 0.0 ], [ -17.249600103818477, 14.722891164435504, 0.0 ], [ -17.249491103502301, 14.722965165823865, 0.0 ], [ -17.249386099485921, 14.722891165634383, 0.0 ] ] ] ] } },
{ "type": "Feature", "properties": { "OBJECTID": 88.0, "Shape_Leng": 244.38767489521038, "Shape_Area": 3141.0477937040705 }, "geometry": { "type": "MultiPolygon", "coordinates": [ [ [ [ -17.248543089756716, 14.722840352031549, 0.0 ], [ -17.248155028374203, 14.722703099651293, 0.0 ], [ -17.248384102241449, 14.722560166819934, 0.0 ], [ -17.248606042695556, 14.722478477776034, 0.0 ], [ -17.249068267587724, 14.722594490627371, 0.0 ], [ -17.249064374526885, 14.722703616632089, 0.0 ], [ -17.24903676652146, 14.722782494999205, 0.0 ], [ -17.248969002174462, 14.722985995773142, 0.0 ], [ -17.248543089756716, 14.722840352031549, 0.0 ] ] ] ] } },
{ "type": "Feature", "properties": { "OBJECTID": 89.0, "Shape_Leng": 589.74366337191009, "Shape_Area": 12844.493031040209 }, "geometry": { "type": "MultiPolygon", "coordinates": [ [ [ [ -17.250148100328595, 14.722756163920051, 0.0 ], [ -17.250243370727286, 14.722642610714916, 0.0 ], [ -17.250087525600133, 14.722518862203065, 0.0 ], [ -17.249994387326396, 14.722537469390582, 0.0 ], [ -17.249907085392522, 14.722468914666655, 0.0 ], [ -17.249363968813917, 14.722287665490789, 0.0 ], [ -17.249397687244031, 14.72212652693397, 0.0 ], [ -17.249303691110722, 14.722115069842298, 0.0 ], [ -17.249061803309896, 14.722092870633745, 0.0 ], [ -17.248795219372216, 14.722031907267752, 0.0 ], [ -17.248846654521017, 14.721997577556484, 0.0 ], [ -17.249117856109585, 14.721736363517051, 0.0 ], [ -17.249340802414739, 14.721587666188244, 0.0 ], [ -17.249589224878335, 14.72144664334691, 0.0 ], [ -17.249722415888051, 14.721319112925727, 0.0 ], [ -17.249972925758829, 14.721714918440611, 0.0 ], [ -17.250368051033661, 14.722292449757786, 0.0 ], [ -17.250612307970787, 14.722600041639069, 0.0 ], [ -17.250457130282093, 14.722836364816519, 0.0 ], [ -17.250332218225871, 14.722983908016475, 0.0 ], [ -17.250148100328595, 14.722756163920051, 0.0 ] ] ] ] } },
{ "type": "Feature", "properties": { "OBJECTID": 90.0, "Shape_Leng": 445.50723014645598, "Shape_Area": 6260.0291887667127 }, "geometry": { "type": "MultiPolygon", "coordinates": [ [ [ [ -17.247278434496295, 14.723108938680513, 0.0 ], [ -17.247163997006556, 14.723055318744624, 0.0 ], [ -17.246944466469227, 14.723151258110308, 0.0 ], [ -17.246937307711736, 14.723130218296134, 0.0 ], [ -17.246908178753131, 14.723094075883157, 0.0 ], [ -17.246885950564931, 14.723064122570454, 0.0 ], [ -17.246693796329435, 14.722929090923351, 0.0 ], [ -17.246612657240124, 14.722999704417283, 0.0 ], [ -17.246469474163934, 14.723168378877968, 0.0 ], [ -17.246252817924507, 14.723056189245177, 0.0 ], [ -17.246322101319006, 14.722910279104649, 0.0 ], [ -17.246335241338933, 14.72281521080806, 0.0 ], [ -17.246402728831015, 14.722507941217176, 0.0 ], [ -17.246604202206292, 14.722559139477127, 0.0 ], [ -17.246859217782706, 14.722719906486946, 0.0 ], [ -17.247211736116885, 14.722323483479435, 0.0 ], [ -17.247353100181833, 14.722676161540521, 0.0 ], [ -17.247257826479505, 14.722726410311811, 0.0 ], [ -17.24721262103294, 14.722749683233328, 0.0 ], [ -17.247320738777198, 14.722888797359706, 0.0 ], [ -17.247457247931219, 14.723064444011992, 0.0 ], [ -17.247359950971969, 14.723121191733302, 0.0 ], [ -17.247303552786864, 14.723167707441304, 0.0 ], [ -17.247278434496295, 14.723108938680513, 0.0 ] ] ] ] } },
{ "type": "Feature", "properties": { "OBJECTID": 91.0, "Shape_Leng": 785.58907502996749, "Shape_Area": 26673.629629920608 }, "geometry": { "type": "MultiPolygon", "coordinates": [ [ [ [ -17.244789402232925, 14.723317663054562, 0.0 ], [ -17.244481620405523, 14.723313391766142, 0.0 ], [ -17.244041952747612, 14.723256023626217, 0.0 ], [ -17.24407035710713, 14.723079685132102, 0.0 ], [ -17.244031594678376, 14.722727601992933, 0.0 ], [ -17.243984802876476, 14.72242530743412, 0.0 ], [ -17.243961400391278, 14.722379984250573, 0.0 ], [ -17.243989735223156, 14.722242936735503, 0.0 ], [ -17.244139176619864, 14.722256400257301, 0.0 ], [ -17.244327658804327, 14.722263578819218, 0.0 ], [ -17.244342338482213, 14.722234419440328, 0.0 ], [ -17.244347208477116, 14.722115201167643, 0.0 ], [ -17.244320383202538, 14.722039676155722, 0.0 ], [ -17.244453094163767, 14.721792111815217, 0.0 ], [ -17.244534096778764, 14.721773163682732, 0.0 ], [ -17.244542755797454, 14.721223010270958, 0.0 ], [ -17.244949377673333, 14.721049571065439, 0.0 ], [ -17.244970310313384, 14.721438052298222, 0.0 ], [ -17.245002102885817, 14.721632165184827, 0.0 ], [ -17.245336147795488, 14.721636949408673, 0.0 ], [ -17.245282098114213, 14.721909166882796, 0.0 ], [ -17.245321495301869, 14.722188252169365, 0.0 ], [ -17.245261097642882, 14.722550167417419, 0.0 ], [ -17.245622846317669, 14.722615995420664, 0.0 ], [ -17.24561947034503, 14.722760738481769, 0.0 ], [ -17.245570167271026, 14.72289094005769, 0.0 ], [ -17.245491838189011, 14.723022780267428, 0.0 ], [ -17.245404565814923, 14.723147787921866, 0.0 ], [ -17.245144070349298, 14.723252068693833, 0.0 ], [ -17.245053535535302, 14.723334103180852, 0.0 ], [ -17.244789402232925, 14.723317663054562, 0.0 ] ] ] ] } },
{ "type": "Feature", "properties": { "OBJECTID": 92.0, "Shape_Leng": 310.98495986988485, "Shape_Area": 5631.4966477222051 }, "geometry": { "type": "MultiPolygon", "coordinates": [ [ [ [ -17.243459020902996, 14.723192950181161, 0.0 ], [ -17.243438781848322, 14.723146497587816, 0.0 ], [ -17.243467342522504, 14.723001090182052, 0.0 ], [ -17.243560097574317, 14.72270616321782, 0.0 ], [ -17.243658312212244, 14.722628760469595, 0.0 ], [ -17.243656818024618, 14.722482709156086, 0.0 ], [ -17.243718541410942, 14.722429148371132, 0.0 ], [ -17.243939138085295, 14.722464968039056, 0.0 ], [ -17.243984802876476, 14.72242530743412, 0.0 ], [ -17.244031594678376, 14.722727601992933, 0.0 ], [ -17.24407035710713, 14.723079685132102, 0.0 ], [ -17.244041952747612, 14.723256023626217, 0.0 ], [ -17.244051305758411, 14.723357975697843, 0.0 ], [ -17.243514231028936, 14.723397183767542, 0.0 ], [ -17.243459020902996, 14.723192950181161, 0.0 ] ] ] ] } },
{ "type": "Feature", "properties": { "OBJECTID": 93.0, "Shape_Leng": 57.87102668988544, "Shape_Area": 9.3525734469909025 }, "geometry": { "type": "MultiPolygon", "coordinates": [ [ [ [ -17.243438781848322, 14.723146497587816, 0.0 ], [ -17.243459020902996, 14.723192950181161, 0.0 ], [ -17.243514231028936, 14.723397183767542, 0.0 ], [ -17.243438781848322, 14.723146497587816, 0.0 ] ] ] ] } },
{ "type": "Feature", "properties": { "OBJECTID": 94.0, "Shape_Leng": 223.96909962776795, "Shape_Area": 1.405551214253379 }, "geometry": { "type": "MultiPolygon", "coordinates": [ [ [ [ -17.243514231028936, 14.723397183767542, 0.0 ], [ -17.244051305758411, 14.723357975697843, 0.0 ], [ -17.243936730094575, 14.723366567539985, 0.0 ], [ -17.243014649484511, 14.72343365376762, 0.0 ], [ -17.243514231028936, 14.723397183767542, 0.0 ] ] ] ] } },
{ "type": "Feature", "properties": { "OBJECTID": 95.0, "Shape_Leng": 287.65453913445583, "Shape_Area": 4431.7468325237342 }, "geometry": { "type": "MultiPolygon", "coordinates": [ [ [ [ -17.246636102096261, 14.723457160936242, 0.0 ], [ -17.246502707002669, 14.723429235064504, 0.0 ], [ -17.2464611036139, 14.723338164838744, 0.0 ], [ -17.246411074155798, 14.723324548813178, 0.0 ], [ -17.246469474163934, 14.723168378877968, 0.0 ], [ -17.246612657240124, 14.722999704417283, 0.0 ], [ -17.246693796329435, 14.722929090923351, 0.0 ], [ -17.246885950564931, 14.723064122570454, 0.0 ], [ -17.246908178753131, 14.723094075883157, 0.0 ], [ -17.246937307711736, 14.723130218296134, 0.0 ], [ -17.246944466469227, 14.723151258110308, 0.0 ], [ -17.247163997006556, 14.723055318744624, 0.0 ], [ -17.247278434496295, 14.723108938680513, 0.0 ], [ -17.247303552786864, 14.723167707441304, 0.0 ], [ -17.24738410393147, 14.723356168202681, 0.0 ], [ -17.247424369820763, 14.723408820241156, 0.0 ], [ -17.247253375596397, 14.723443614565641, 0.0 ], [ -17.247138855107977, 14.723500051438823, 0.0 ], [ -17.246932111236415, 14.723535998494777, 0.0 ], [ -17.246636102096261, 14.723457160936242, 0.0 ] ] ] ] } },
{ "type": "Feature", "properties": { "OBJECTID": 96.0, "Shape_Leng": 224.94190298868551, "Shape_Area": 1904.4932788276412 }, "geometry": { "type": "MultiPolygon", "coordinates": [ [ [ [ -17.242873374103635, 14.723633868471923, 0.0 ], [ -17.242978004688034, 14.723326315283913, 0.0 ], [ -17.243042697397222, 14.723137609086731, 0.0 ], [ -17.243297056574932, 14.723135144577922, 0.0 ], [ -17.243438781848322, 14.723146497587816, 0.0 ], [ -17.243514231028936, 14.723397183767542, 0.0 ], [ -17.243014649484511, 14.72343365376762, 0.0 ], [ -17.243032408517326, 14.723651798000031, 0.0 ], [ -17.242873374103635, 14.723633868471923, 0.0 ] ] ] ] } },
{ "type": "Feature", "properties": { "OBJECTID": 97.0, "Shape_Leng": 109.21057565333186, "Shape_Area": 20.903325491730541 }, "geometry": { "type": "MultiPolygon", "coordinates": [ [ [ [ -17.242978004688034, 14.723326315283913, 0.0 ], [ -17.242873374103635, 14.723633868471923, 0.0 ], [ -17.243032408517326, 14.723651798000031, 0.0 ], [ -17.242865867655066, 14.723653411521832, 0.0 ], [ -17.242978004688034, 14.723326315283913, 0.0 ] ] ] ] } },
{ "type": "Feature", "properties": { "OBJECTID": 98.0, "Shape_Leng": 438.79919606024902, "Shape_Area": 3722.9016358575295 }, "geometry": { "type": "MultiPolygon", "coordinates": [ [ [ [ -17.250259950376741, 14.723559032699049, 0.0 ], [ -17.250262706928769, 14.723515360726124, 0.0 ], [ -17.250321648766835, 14.723374454620625, 0.0 ], [ -17.250253893998586, 14.723163420746031, 0.0 ], [ -17.250065558932974, 14.72282831817019, 0.0 ], [ -17.249701991706051, 14.723092883988388, 0.0 ], [ -17.24950837226756, 14.723027927357249, 0.0 ], [ -17.249491103502301, 14.722965165823865, 0.0 ], [ -17.249600103818477, 14.722891164435504, 0.0 ], [ -17.249829218159562, 14.722651914093571, 0.0 ], [ -17.249994387326396, 14.722537469390582, 0.0 ], [ -17.250087525600133, 14.722518862203065, 0.0 ], [ -17.250243370727286, 14.722642610714916, 0.0 ], [ -17.250148100328595, 14.722756163920051, 0.0 ], [ -17.250332218225871, 14.722983908016475, 0.0 ], [ -17.250457130282093, 14.722836364816519, 0.0 ], [ -17.250392115088637, 14.723056587909678, 0.0 ], [ -17.250431469962862, 14.723235806101501, 0.0 ], [ -17.25042493554616, 14.723345296536705, 0.0 ], [ -17.25040929549245, 14.723428521224946, 0.0 ], [ -17.250369422846831, 14.723594824627822, 0.0 ], [ -17.250259950376741, 14.723559032699049, 0.0 ] ] ] ] } },
{ "type": "Feature", "properties": { "OBJECTID": 99.0, "Shape_Leng": 302.37877679830086, "Shape_Area": 3923.968185640626 }, "geometry": { "type": "MultiPolygon", "coordinates": [ [ [ [ -17.244115653283821, 14.723596579572154, 0.0 ], [ -17.244045311282527, 14.723605460110779, 0.0 ], [ -17.243944828313523, 14.723634132006227, 0.0 ], [ -17.243944100732957, 14.723584167149346, 0.0 ], [ -17.243936730094575, 14.723366567539985, 0.0 ], [ -17.244051305758411, 14.723357975697843, 0.0 ], [ -17.244041952747612, 14.723256023626217, 0.0 ], [ -17.244481620405523, 14.723313391766142, 0.0 ], [ -17.244789402232925, 14.723317663054562, 0.0 ], [ -17.245053535535302, 14.723334103180852, 0.0 ], [ -17.244855954215989, 14.723631244177799, 0.0 ], [ -17.244679751542744, 14.723656563903901, 0.0 ], [ -17.244582278627409, 14.723628931923377, 0.0 ], [ -17.244404041925481, 14.723660335701199, 0.0 ], [ -17.244115653283821, 14.723596579572154, 0.0 ] ] ] ] } },
{ "type": "Feature", "properties": { "OBJECTID": 100.0, "Shape_Leng": 302.25826831031338, "Shape_Area": 4274.211656239223 }, "geometry": { "type": "MultiPolygon", "coordinates": [ [ [ [ -17.250672725083597, 14.723637568755715, 0.0 ], [ -17.250369422846831, 14.723594824627822, 0.0 ], [ -17.25040929549245, 14.723428521224946, 0.0 ], [ -17.25042493554616, 14.723345296536705, 0.0 ], [ -17.250431469962862, 14.723235806101501, 0.0 ], [ -17.250392115088637, 14.723056587909678, 0.0 ], [ -17.250457130282093, 14.722836364816519, 0.0 ], [ -17.250612307970787, 14.722600041639069, 0.0 ], [ -17.250849680097566, 14.723069999037207, 0.0 ], [ -17.250793228135255, 14.723140677399821, 0.0 ], [ -17.250840559954675, 14.723200247970022, 0.0 ], [ -17.250825128896317, 14.723499278603347, 0.0 ], [ -17.250851414851471, 14.72365697236093, 0.0 ], [ -17.250666655067104, 14.723682574023254, 0.0 ], [ -17.250672725083597, 14.723637568755715, 0.0 ] ] ] ] } },
{ "type": "Feature", "properties": { "OBJECTID": 101.0, "Shape_Leng": 317.7558392881736, "Shape_Area": 3142.9401642041125 }, "geometry": { "type": "MultiPolygon", "coordinates": [ [ [ [ -17.250111053452983, 14.723738217606474, 0.0 ], [ -17.250131740647344, 14.723592881962531, 0.0 ], [ -17.250006722146374, 14.723349365955629, 0.0 ], [ -17.249701991706051, 14.723092883988388, 0.0 ], [ -17.250065558932974, 14.72282831817019, 0.0 ], [ -17.250253893998586, 14.723163420746031, 0.0 ], [ -17.250321648766835, 14.723374454620625, 0.0 ], [ -17.250262706928769, 14.723515360726124, 0.0 ], [ -17.250259950376741, 14.723559032699049, 0.0 ], [ -17.250369422846831, 14.723594824627822, 0.0 ], [ -17.250197569027168, 14.723741387490046, 0.0 ], [ -17.250120373912704, 14.723859609796088, 0.0 ], [ -17.250034826355336, 14.723948163523401, 0.0 ], [ -17.250111053452983, 14.723738217606474, 0.0 ] ] ] ] } },
{ "type": "Feature", "properties": { "OBJECTID": 102.0, "Shape_Leng": 287.24669032466954, "Shape_Area": 2967.9493531973185 }, "geometry": { "type": "MultiPolygon", "coordinates": [ [ [ [ -17.246011221264318, 14.723892909525022, 0.0 ], [ -17.245915099375196, 14.723765160507998, 0.0 ], [ -17.245760801276102, 14.723842310406086, 0.0 ], [ -17.245571102080721, 14.723937160530554, 0.0 ], [ -17.245537342837665, 14.723864421753058, 0.0 ], [ -17.245449378615909, 14.723889611709319, 0.0 ], [ -17.245337172839339, 14.723953229220266, 0.0 ], [ -17.245275491372706, 14.723852113694051, 0.0 ], [ -17.245335096238232, 14.723811711347695, 0.0 ], [ -17.245407654316288, 14.723763584616348, 0.0 ], [ -17.245474841238561, 14.723670072043751, 0.0 ], [ -17.24568659792498, 14.723589437527085, 0.0 ], [ -17.245745873502155, 14.723556057857206, 0.0 ], [ -17.245753906025346, 14.723457371653147, 0.0 ], [ -17.245948640073639, 14.723503557890503, 0.0 ], [ -17.246028471383362, 14.723485866509041, 0.0 ], [ -17.246178859715929, 14.723677259884896, 0.0 ], [ -17.246175097225194, 14.723863165402513, 0.0 ], [ -17.246138399287787, 14.723989707433775, 0.0 ], [ -17.246011221264318, 14.723892909525022, 0.0 ] ] ] ] } },
{ "type": "Feature", "properties": { "OBJECTID": 103.0, "Shape_Leng": 441.06741746378998, "Shape_Area": 7372.119275386096 }, "geometry": { "type": "MultiPolygon", "coordinates": [ [ [ [ -17.246175097225194, 14.723863165402513, 0.0 ], [ -17.246178859715929, 14.723677259884896, 0.0 ], [ -17.246028471383362, 14.723485866509041, 0.0 ], [ -17.245948640073639, 14.723503557890503, 0.0 ], [ -17.245753906025346, 14.723457371653147, 0.0 ], [ -17.24576042134991, 14.723377334689252, 0.0 ], [ -17.245831984345429, 14.723272948912404, 0.0 ], [ -17.245910290145087, 14.723139575530563, 0.0 ], [ -17.245971093919099, 14.723032708182767, 0.0 ], [ -17.24600184649541, 14.722985100715801, 0.0 ], [ -17.246023666332775, 14.722927424164434, 0.0 ], [ -17.246098271770059, 14.722826619350524, 0.0 ], [ -17.246218444470006, 14.722709399727984, 0.0 ], [ -17.246335241338933, 14.72281521080806, 0.0 ], [ -17.246322101319006, 14.722910279104649, 0.0 ], [ -17.246252817924507, 14.723056189245177, 0.0 ], [ -17.246469474163934, 14.723168378877968, 0.0 ], [ -17.246411074155798, 14.723324548813178, 0.0 ], [ -17.2464611036139, 14.723338164838744, 0.0 ], [ -17.246502707002669, 14.723429235064504, 0.0 ], [ -17.246636102096261, 14.723457160936242, 0.0 ], [ -17.246932111236415, 14.723535998494777, 0.0 ], [ -17.246867269744786, 14.723637453304589, 0.0 ], [ -17.246345743611812, 14.724029260034094, 0.0 ], [ -17.246175097225194, 14.723863165402513, 0.0 ] ] ] ] } },
{ "type": "Feature", "properties": { "OBJECTID": 104.0, "Shape_Leng": 208.73734556551432, "Shape_Area": 1911.3553880622731 }, "geometry": { "type": "MultiPolygon", "coordinates": [ [ [ [ -17.247942592692542, 14.724003501000492, 0.0 ], [ -17.247940901828748, 14.724006096106933, 0.0 ], [ -17.248017221059925, 14.723785913577455, 0.0 ], [ -17.24801378746222, 14.723450968701512, 0.0 ], [ -17.248295104298574, 14.723522165876252, 0.0 ], [ -17.248418898713705, 14.723572843655726, 0.0 ], [ -17.24825010156794, 14.723785160991051, 0.0 ], [ -17.248179696936347, 14.723939852162301, 0.0 ], [ -17.24823988991686, 14.724074949565122, 0.0 ], [ -17.248193195292981, 14.724103206600907, 0.0 ], [ -17.247942592692542, 14.724003501000492, 0.0 ] ] ] ] } },
{ "type": "Feature", "properties": { "OBJECTID": 105.0, "Shape_Leng": 251.7270212125666, "Shape_Area": 2204.6525458609203 }, "geometry": { "type": "MultiPolygon", "coordinates": [ [ [ [ -17.244982218536855, 14.724050907747227, 0.0 ], [ -17.245275491372706, 14.723852113694051, 0.0 ], [ -17.245337172839339, 14.723953229220266, 0.0 ], [ -17.245449378615909, 14.723889611709319, 0.0 ], [ -17.245537342837665, 14.723864421753058, 0.0 ], [ -17.245571102080721, 14.723937160530554, 0.0 ], [ -17.245760801276102, 14.723842310406086, 0.0 ], [ -17.245849032805395, 14.724087700494666, 0.0 ], [ -17.2449251422826, 14.724181437631939, 0.0 ], [ -17.244982218536855, 14.724050907747227, 0.0 ] ] ] ] } },
{ "type": "Feature", "properties": { "OBJECTID": 106.0, "Shape_Leng": 535.47043855869606, "Shape_Area": 11222.31035988815 }, "geometry": { "type": "MultiPolygon", "coordinates": [ [ [ [ -17.247404185201159, 14.724106839682662, 0.0 ], [ -17.247091100698828, 14.723978168777274, 0.0 ], [ -17.246978217406198, 14.723995907573864, 0.0 ], [ -17.247066755698466, 14.723670802888279, 0.0 ], [ -17.246916113850144, 14.723696922482985, 0.0 ], [ -17.246867269744786, 14.723637453304589, 0.0 ], [ -17.246932111236415, 14.723535998494777, 0.0 ], [ -17.247138855107977, 14.723500051438823, 0.0 ], [ -17.247253375596397, 14.723443614565641, 0.0 ], [ -17.247424369820763, 14.723408820241156, 0.0 ], [ -17.24738410393147, 14.723356168202681, 0.0 ], [ -17.247303552786864, 14.723167707441304, 0.0 ], [ -17.247359950971969, 14.723121191733302, 0.0 ], [ -17.247457247931219, 14.723064444011992, 0.0 ], [ -17.247320738777198, 14.722888797359706, 0.0 ], [ -17.247729814769315, 14.7227154025279, 0.0 ], [ -17.247753846942892, 14.722910307421483, 0.0 ], [ -17.247840217369262, 14.72296690655654, 0.0 ], [ -17.247788389520995, 14.723185771514803, 0.0 ], [ -17.247864887253133, 14.723361493620462, 0.0 ], [ -17.24801378746222, 14.723450968701512, 0.0 ], [ -17.248017221059925, 14.723785913577455, 0.0 ], [ -17.247940901828748, 14.724006096106933, 0.0 ], [ -17.247799956903116, 14.724222428219287, 0.0 ], [ -17.247404185201159, 14.724106839682662, 0.0 ] ] ] ] } },
{ "type": "Feature", "properties": { "OBJECTID": 107.0, "Shape_Leng": 635.3669908030239, "Shape_Area": 14275.302753203212 }, "geometry": { "type": "MultiPolygon", "coordinates": [ [ [ [ -17.244007385199399, 14.724166503899188, 0.0 ], [ -17.243944828313523, 14.723634132006227, 0.0 ], [ -17.244045311282527, 14.723605460110779, 0.0 ], [ -17.244115653283821, 14.723596579572154, 0.0 ], [ -17.244404041925481, 14.723660335701199, 0.0 ], [ -17.244582278627409, 14.723628931923377, 0.0 ], [ -17.244679751542744, 14.723656563903901, 0.0 ], [ -17.244855954215989, 14.723631244177799, 0.0 ], [ -17.245053535535302, 14.723334103180852, 0.0 ], [ -17.245144070349298, 14.723252068693833, 0.0 ], [ -17.245404565814923, 14.723147787921866, 0.0 ], [ -17.245491838189011, 14.723022780267428, 0.0 ], [ -17.245570167271026, 14.72289094005769, 0.0 ], [ -17.24561947034503, 14.722760738481769, 0.0 ], [ -17.245785507618201, 14.722854730175033, 0.0 ], [ -17.24600184649541, 14.722985100715801, 0.0 ], [ -17.245971093919099, 14.723032708182767, 0.0 ], [ -17.245910290145087, 14.723139575530563, 0.0 ], [ -17.245831984345429, 14.723272948912404, 0.0 ], [ -17.24576042134991, 14.723377334689252, 0.0 ], [ -17.245753906025346, 14.723457371653147, 0.0 ], [ -17.245745873502155, 14.723556057857206, 0.0 ], [ -17.24568659792498, 14.723589437527085, 0.0 ], [ -17.245474841238561, 14.723670072043751, 0.0 ], [ -17.245407654316288, 14.723763584616348, 0.0 ], [ -17.245335096238232, 14.723811711347695, 0.0 ], [ -17.245275491372706, 14.723852113694051, 0.0 ], [ -17.244982218536855, 14.724050907747227, 0.0 ], [ -17.2449251422826, 14.724181437631939, 0.0 ], [ -17.244012818305865, 14.724262244196327, 0.0 ], [ -17.244007385199399, 14.724166503899188, 0.0 ] ] ] ] } },
{ "type": "Feature", "properties": { "OBJECTID": 108.0, "Shape_Leng": 231.95606693002773, "Shape_Area": 3290.0631226455444 }, "geometry": { "type": "MultiPolygon", "coordinates": [ [ [ [ -17.24823988991686, 14.724074949565122, 0.0 ], [ -17.248179696936347, 14.723939852162301, 0.0 ], [ -17.24825010156794, 14.723785160991051, 0.0 ], [ -17.248418898713705, 14.723572843655726, 0.0 ], [ -17.24854998151292, 14.723740929906681, 0.0 ], [ -17.248870571996207, 14.723952337464715, 0.0 ], [ -17.248767222150779, 14.724242910544676, 0.0 ], [ -17.248511104870797, 14.724201161277016, 0.0 ], [ -17.248434777833335, 14.72426218642476, 0.0 ], [ -17.24823988991686, 14.724074949565122, 0.0 ] ] ] ] } },
{ "type": "Feature", "properties": { "OBJECTID": 109.0, "Shape_Leng": 232.04589103553076, "Shape_Area": 2768.4859698723681 }, "geometry": { "type": "MultiPolygon", "coordinates": [ [ [ [ -17.242599636623535, 14.724346581508341, 0.0 ], [ -17.242865867655066, 14.723653411521832, 0.0 ], [ -17.243032408517326, 14.723651798000031, 0.0 ], [ -17.2430905371417, 14.724365807148294, 0.0 ], [ -17.242599636623535, 14.724346581508341, 0.0 ] ] ] ] } },
{ "type": "Feature", "properties": { "OBJECTID": 110.0, "Shape_Leng": 702.96638021953186, "Shape_Area": 26066.579326291008 }, "geometry": { "type": "MultiPolygon", "coordinates": [ [ [ [ -17.249269096828453, 14.724167161616398, 0.0 ], [ -17.248870571996207, 14.723952337464715, 0.0 ], [ -17.24854998151292, 14.723740929906681, 0.0 ], [ -17.248418898713705, 14.723572843655726, 0.0 ], [ -17.248295104298574, 14.723522165876252, 0.0 ], [ -17.24801378746222, 14.723450968701512, 0.0 ], [ -17.247864887253133, 14.723361493620462, 0.0 ], [ -17.247788389520995, 14.723185771514803, 0.0 ], [ -17.247840217369262, 14.72296690655654, 0.0 ], [ -17.248155028374203, 14.722703099651293, 0.0 ], [ -17.248543089756716, 14.722840352031549, 0.0 ], [ -17.248969002174462, 14.722985995773142, 0.0 ], [ -17.24903676652146, 14.722782494999205, 0.0 ], [ -17.249064374526885, 14.722703616632089, 0.0 ], [ -17.249386099485921, 14.722891165634383, 0.0 ], [ -17.249491103502301, 14.722965165823865, 0.0 ], [ -17.24950837226756, 14.723027927357249, 0.0 ], [ -17.249701991706051, 14.723092883988388, 0.0 ], [ -17.250006722146374, 14.723349365955629, 0.0 ], [ -17.250131740647344, 14.723592881962531, 0.0 ], [ -17.250111053452983, 14.723738217606474, 0.0 ], [ -17.250034826355336, 14.723948163523401, 0.0 ], [ -17.250019695592776, 14.723989837884492, 0.0 ], [ -17.249878535908582, 14.72406666931073, 0.0 ], [ -17.249735042704849, 14.724273578871687, 0.0 ], [ -17.249670218815648, 14.724355906342851, 0.0 ], [ -17.249269096828453, 14.724167161616398, 0.0 ] ] ] ] } },
{ "type": "Feature", "properties": { "OBJECTID": 111.0, "Shape_Leng": 252.35928052015717, "Shape_Area": 3450.4514440737385 }, "geometry": { "type": "MultiPolygon", "coordinates": [ [ [ [ -17.246752101086386, 14.724355161216319, 0.0 ], [ -17.2466475295262, 14.724344571988507, 0.0 ], [ -17.246400100857784, 14.724082167665143, 0.0 ], [ -17.246345743611812, 14.724029260034094, 0.0 ], [ -17.246867269744786, 14.723637453304589, 0.0 ], [ -17.246916113850144, 14.723696922482985, 0.0 ], [ -17.247066755698466, 14.723670802888279, 0.0 ], [ -17.246978217406198, 14.723995907573864, 0.0 ], [ -17.246895218405108, 14.724242908412219, 0.0 ], [ -17.24681521646513, 14.724420913312471, 0.0 ], [ -17.246752101086386, 14.724355161216319, 0.0 ] ] ] ] } },
{ "type": "Feature", "properties": { "OBJECTID": 112.0, "Shape_Leng": 313.57176899644605, "Shape_Area": 5842.7812912113977 }, "geometry": { "type": "MultiPolygon", "coordinates": [ [ [ [ -17.250382392536178, 14.724260054134517, 0.0 ], [ -17.250305217754711, 14.724118908946842, 0.0 ], [ -17.250019695592776, 14.723989837884492, 0.0 ], [ -17.250034826355336, 14.723948163523401, 0.0 ], [ -17.250120373912704, 14.723859609796088, 0.0 ], [ -17.250197569027168, 14.723741387490046, 0.0 ], [ -17.250369422846831, 14.723594824627822, 0.0 ], [ -17.250672725083597, 14.723637568755715, 0.0 ], [ -17.250666655067104, 14.723682574023254, 0.0 ], [ -17.250851414851471, 14.72365697236093, 0.0 ], [ -17.250891449573, 14.723668663351653, 0.0 ], [ -17.250942022834639, 14.724121689165989, 0.0 ], [ -17.250899993141175, 14.724410095349427, 0.0 ], [ -17.250382392536178, 14.724260054134517, 0.0 ] ] ] ] } },
{ "type": "Feature", "properties": { "OBJECTID": 113.0, "Shape_Leng": 308.68736483519808, "Shape_Area": 4317.5074647233932 }, "geometry": { "type": "MultiPolygon", "coordinates": [ [ [ [ -17.247403727501254, 14.724522605694681, 0.0 ], [ -17.24723580017643, 14.724506170632777, 0.0 ], [ -17.24711117835577, 14.724461032632398, 0.0 ], [ -17.246941300214122, 14.72446268156453, 0.0 ], [ -17.246942029480948, 14.724501416264395, 0.0 ], [ -17.246740723576277, 14.724486500189935, 0.0 ], [ -17.246752101086386, 14.724355161216319, 0.0 ], [ -17.24681521646513, 14.724420913312471, 0.0 ], [ -17.246895218405108, 14.724242908412219, 0.0 ], [ -17.246978217406198, 14.723995907573864, 0.0 ], [ -17.247091100698828, 14.723978168777274, 0.0 ], [ -17.247404185201159, 14.724106839682662, 0.0 ], [ -17.247799956903116, 14.724222428219287, 0.0 ], [ -17.247663353139618, 14.724432097026835, 0.0 ], [ -17.247574104439018, 14.724522160503469, 0.0 ], [ -17.247533333695959, 14.724573713577289, 0.0 ], [ -17.247403727501254, 14.724522605694681, 0.0 ] ] ] ] } },
{ "type": "Feature", "properties": { "OBJECTID": 114.0, "Shape_Leng": 193.64131928558925, "Shape_Area": 2290.0580397830327 }, "geometry": { "type": "MultiPolygon", "coordinates": [ [ [ [ -17.250229905869968, 14.724515189828251, 0.0 ], [ -17.250286865935749, 14.724449015231835, 0.0 ], [ -17.25032899832204, 14.724386200437788, 0.0 ], [ -17.250382392536178, 14.724260054134517, 0.0 ], [ -17.250899993141175, 14.724410095349427, 0.0 ], [ -17.250718513741141, 14.724747118501627, 0.0 ], [ -17.250602816209057, 14.724751238576916, 0.0 ], [ -17.250229905869968, 14.724515189828251, 0.0 ] ] ] ] } },
{ "type": "Feature", "properties": { "OBJECTID": 115.0, "Shape_Leng": 292.81541044101704, "Shape_Area": 4562.6643948089859 }, "geometry": { "type": "MultiPolygon", "coordinates": [ [ [ [ -17.249308866560838, 14.724774591444476, 0.0 ], [ -17.249100099762575, 14.724582231762419, 0.0 ], [ -17.248919222256955, 14.72452891139775, 0.0 ], [ -17.248888217692198, 14.724464908080099, 0.0 ], [ -17.248909605556154, 14.72436047403836, 0.0 ], [ -17.24887210172249, 14.724329164081373, 0.0 ], [ -17.248767222150779, 14.724242910544676, 0.0 ], [ -17.248870571996207, 14.723952337464715, 0.0 ], [ -17.249269096828453, 14.724167161616398, 0.0 ], [ -17.249670218815648, 14.724355906342851, 0.0 ], [ -17.249385568684584, 14.724827428409119, 0.0 ], [ -17.249308866560838, 14.724774591444476, 0.0 ] ] ] ] } },
{ "type": "Feature", "properties": { "OBJECTID": 116.0, "Shape_Leng": 217.15028565159929, "Shape_Area": 2567.1287325583157 }, "geometry": { "type": "MultiPolygon", "coordinates": [ [ [ [ -17.247416835166256, 14.725153941763864, 0.0 ], [ -17.247405407020185, 14.725005037236249, 0.0 ], [ -17.247533333695959, 14.724573713577289, 0.0 ], [ -17.247574104439018, 14.724522160503469, 0.0 ], [ -17.247663353139618, 14.724432097026835, 0.0 ], [ -17.247683366795091, 14.724543317571708, 0.0 ], [ -17.247840754236353, 14.724762047618146, 0.0 ], [ -17.247788056682491, 14.724940825796592, 0.0 ], [ -17.247813587130203, 14.724999550690807, 0.0 ], [ -17.247783525126319, 14.725182966476376, 0.0 ], [ -17.247416835166256, 14.725153941763864, 0.0 ] ] ] ] } },
{ "type": "Feature", "properties": { "OBJECTID": 117.0, "Shape_Leng": 471.79501120482757, "Shape_Area": 11185.08764930261 }, "geometry": { "type": "MultiPolygon", "coordinates": [ [ [ [ -17.246142967933224, 14.725183691636994, 0.0 ], [ -17.24600023918504, 14.725219869862242, 0.0 ], [ -17.245934136414288, 14.724812522422786, 0.0 ], [ -17.245849032805395, 14.724087700494666, 0.0 ], [ -17.245760801276102, 14.723842310406086, 0.0 ], [ -17.245915099375196, 14.723765160507998, 0.0 ], [ -17.246011221264318, 14.723892909525022, 0.0 ], [ -17.246138399287787, 14.723989707433775, 0.0 ], [ -17.246175097225194, 14.723863165402513, 0.0 ], [ -17.246345743611812, 14.724029260034094, 0.0 ], [ -17.246400100857784, 14.724082167665143, 0.0 ], [ -17.2466475295262, 14.724344571988507, 0.0 ], [ -17.246752101086386, 14.724355161216319, 0.0 ], [ -17.246740723576277, 14.724486500189935, 0.0 ], [ -17.246683703664221, 14.72486344467368, 0.0 ], [ -17.246669223892347, 14.725020913274747, 0.0 ], [ -17.246591041556304, 14.725228857199799, 0.0 ], [ -17.246381492963593, 14.72523089080266, 0.0 ], [ -17.246142967933224, 14.725183691636994, 0.0 ] ] ] ] } },
{ "type": "Feature", "properties": { "OBJECTID": 118.0, "Shape_Leng": 323.80399450408208, "Shape_Area": 5938.1157705907517 }, "geometry": { "type": "MultiPolygon", "coordinates": [ [ [ [ -17.247129055124283, 14.725137575181996, 0.0 ], [ -17.246934505634286, 14.725144617435616, 0.0 ], [ -17.246781655626073, 14.72501757948389, 0.0 ], [ -17.246669223892347, 14.725020913274747, 0.0 ], [ -17.246683703664221, 14.72486344467368, 0.0 ], [ -17.246740723576277, 14.724486500189935, 0.0 ], [ -17.246942029480948, 14.724501416264395, 0.0 ], [ -17.246941300214122, 14.72446268156453, 0.0 ], [ -17.24711117835577, 14.724461032632398, 0.0 ], [ -17.24723580017643, 14.724506170632777, 0.0 ], [ -17.247403727501254, 14.724522605694681, 0.0 ], [ -17.247533333695959, 14.724573713577289, 0.0 ], [ -17.247405407020185, 14.725005037236249, 0.0 ], [ -17.247416835166256, 14.725153941763864, 0.0 ], [ -17.247416895580777, 14.725217260896217, 0.0 ], [ -17.247120218898434, 14.725246910081554, 0.0 ], [ -17.247129055124283, 14.725137575181996, 0.0 ] ] ] ] } },
{ "type": "Feature", "properties": { "OBJECTID": 119.0, "Shape_Leng": 503.71621227451249, "Shape_Area": 9178.6137492375547 }, "geometry": { "type": "MultiPolygon", "coordinates": [ [ [ [ -17.249141864602397, 14.72511710205168, 0.0 ], [ -17.249106622232464, 14.725179390750686, 0.0 ], [ -17.248535408892483, 14.724781351093513, 0.0 ], [ -17.247799956903116, 14.724222428219287, 0.0 ], [ -17.247940901828748, 14.724006096106933, 0.0 ], [ -17.247942592692542, 14.724003501000492, 0.0 ], [ -17.248193195292981, 14.724103206600907, 0.0 ], [ -17.24823988991686, 14.724074949565122, 0.0 ], [ -17.248434777833335, 14.72426218642476, 0.0 ], [ -17.248511104870797, 14.724201161277016, 0.0 ], [ -17.248767222150779, 14.724242910544676, 0.0 ], [ -17.24887210172249, 14.724329164081373, 0.0 ], [ -17.248909605556154, 14.72436047403836, 0.0 ], [ -17.248888217692198, 14.724464908080099, 0.0 ], [ -17.248919222256955, 14.72452891139775, 0.0 ], [ -17.249100099762575, 14.724582231762419, 0.0 ], [ -17.249308866560838, 14.724774591444476, 0.0 ], [ -17.249385568684584, 14.724827428409119, 0.0 ], [ -17.249322097698354, 14.724911167544688, 0.0 ], [ -17.249459490032397, 14.725031627032822, 0.0 ], [ -17.249351636314394, 14.72525840309863, 0.0 ], [ -17.249141864602397, 14.72511710205168, 0.0 ] ] ] ] } },
{ "type": "Feature", "properties": { "OBJECTID": 120.0, "Shape_Leng": 433.4358828682511, "Shape_Area": 9984.315414236582 }, "geometry": { "type": "MultiPolygon", "coordinates": [ [ [ [ -17.249925004110935, 14.725162996205292, 0.0 ], [ -17.249667754072078, 14.724904901960452, 0.0 ], [ -17.249385568684584, 14.724827428409119, 0.0 ], [ -17.249670218815648, 14.724355906342851, 0.0 ], [ -17.249735042704849, 14.724273578871687, 0.0 ], [ -17.249878535908582, 14.72406666931073, 0.0 ], [ -17.250019695592776, 14.723989837884492, 0.0 ], [ -17.250305217754711, 14.724118908946842, 0.0 ], [ -17.250382392536178, 14.724260054134517, 0.0 ], [ -17.25032899832204, 14.724386200437788, 0.0 ], [ -17.250286865935749, 14.724449015231835, 0.0 ], [ -17.250229905869968, 14.724515189828251, 0.0 ], [ -17.250602816209057, 14.724751238576916, 0.0 ], [ -17.250469867564384, 14.725008512879766, 0.0 ], [ -17.250356379052313, 14.725009616162069, 0.0 ], [ -17.250271652044106, 14.725262731586021, 0.0 ], [ -17.249925004110935, 14.725162996205292, 0.0 ] ] ] ] } },
{ "type": "Feature", "properties": { "OBJECTID": 121.0, "Shape_Leng": 446.65578526420359, "Shape_Area": 7805.2626542650014 }, "geometry": { "type": "MultiPolygon", "coordinates": [ [ [ [ -17.248762198980412, 14.725379812141997, 0.0 ], [ -17.248616084991571, 14.725212847107104, 0.0 ], [ -17.24851822184727, 14.725251911500857, 0.0 ], [ -17.248414220758452, 14.725360912104321, 0.0 ], [ -17.248293807575457, 14.725282012254189, 0.0 ], [ -17.248237207466218, 14.725129496029581, 0.0 ], [ -17.247993660386832, 14.72490594060851, 0.0 ], [ -17.247840754236353, 14.724762047618146, 0.0 ], [ -17.247683366795091, 14.724543317571708, 0.0 ], [ -17.247663353139618, 14.724432097026835, 0.0 ], [ -17.247799956903116, 14.724222428219287, 0.0 ], [ -17.248535408892483, 14.724781351093513, 0.0 ], [ -17.249106622232464, 14.725179390750686, 0.0 ], [ -17.24903341309334, 14.725291608062779, 0.0 ], [ -17.24882485262998, 14.725467352256556, 0.0 ], [ -17.248762198980412, 14.725379812141997, 0.0 ] ] ] ] } },
{ "type": "Feature", "properties": { "OBJECTID": 122.0, "Shape_Leng": 1093.1457457373904, "Shape_Area": 53371.04034939687 }, "geometry": { "type": "MultiPolygon", "coordinates": [ [ [ [ -17.2430905371417, 14.724365807148294, 0.0 ], [ -17.243032408517326, 14.723651798000031, 0.0 ], [ -17.243014649484511, 14.72343365376762, 0.0 ], [ -17.243936730094575, 14.723366567539985, 0.0 ], [ -17.243944100732957, 14.723584167149346, 0.0 ], [ -17.243944828313523, 14.723634132006227, 0.0 ], [ -17.244007385199399, 14.724166503899188, 0.0 ], [ -17.244012818305865, 14.724262244196327, 0.0 ], [ -17.2449251422826, 14.724181437631939, 0.0 ], [ -17.245849032805395, 14.724087700494666, 0.0 ], [ -17.245934136414288, 14.724812522422786, 0.0 ], [ -17.24600023918504, 14.725219869862242, 0.0 ], [ -17.24603153845068, 14.725413759457005, 0.0 ], [ -17.245417590215219, 14.725460972931854, 0.0 ], [ -17.244916588831547, 14.725499498863989, 0.0 ], [ -17.243691468420806, 14.725568767761413, 0.0 ], [ -17.24319095037804, 14.725599197776488, 0.0 ], [ -17.2430905371417, 14.724365807148294, 0.0 ] ] ] ] } },
{ "type": "Feature", "properties": { "OBJECTID": 123.0, "Shape_Leng": 355.5717998838004, "Shape_Area": 5002.9303113063233 }, "geometry": { "type": "MultiPolygon", "coordinates": [ [ [ [ -17.242576627074598, 14.724406491190951, 0.0 ], [ -17.242599636623535, 14.724346581508341, 0.0 ], [ -17.2430905371417, 14.724365807148294, 0.0 ], [ -17.24319095037804, 14.725599197776488, 0.0 ], [ -17.243058776809082, 14.725621642137499, 0.0 ], [ -17.242576627074598, 14.724406491190951, 0.0 ] ] ] ] } },
{ "type": "Feature", "properties": { "OBJECTID": 124.0, "Shape_Leng": 500.38003923256065, "Shape_Area": 6601.7472386323798 }, "geometry": { "type": "MultiPolygon", "coordinates": [ [ [ [ -17.245831868142858, 14.726118109848384, 0.0 ], [ -17.245878105053841, 14.726051166438165, 0.0 ], [ -17.245897373134692, 14.725985615917656, 0.0 ], [ -17.245780147997166, 14.725956444172496, 0.0 ], [ -17.245742824357563, 14.725896494377007, 0.0 ], [ -17.245823627589054, 14.725715383684131, 0.0 ], [ -17.245417590215219, 14.725460972931854, 0.0 ], [ -17.24603153845068, 14.725413759457005, 0.0 ], [ -17.24600023918504, 14.725219869862242, 0.0 ], [ -17.246142967933224, 14.725183691636994, 0.0 ], [ -17.246381492963593, 14.72523089080266, 0.0 ], [ -17.246591041556304, 14.725228857199799, 0.0 ], [ -17.246669223892347, 14.725020913274747, 0.0 ], [ -17.246781655626073, 14.72501757948389, 0.0 ], [ -17.246934505634286, 14.725144617435616, 0.0 ], [ -17.246866376519591, 14.725223612508293, 0.0 ], [ -17.246721801117012, 14.725179034853667, 0.0 ], [ -17.246653933154459, 14.725362534740031, 0.0 ], [ -17.24659583324388, 14.725434846546531, 0.0 ], [ -17.246514081093693, 14.725495904858819, 0.0 ], [ -17.246452260430843, 14.725588988884233, 0.0 ], [ -17.246177753486702, 14.725853819875532, 0.0 ], [ -17.245991301560796, 14.726083643495972, 0.0 ], [ -17.245964101524535, 14.726072161455917, 0.0 ], [ -17.245915217685809, 14.726136913286663, 0.0 ], [ -17.245831868142858, 14.726118109848384, 0.0 ] ] ] ] } },
{ "type": "Feature", "properties": { "OBJECTID": 125.0, "Shape_Leng": 456.56044333436114, "Shape_Area": 10000.115547232575 }, "geometry": { "type": "MultiPolygon", "coordinates": [ [ [ [ -17.248034954183158, 14.725982492127235, 0.0 ], [ -17.247727060239757, 14.725640589430151, 0.0 ], [ -17.247811279937448, 14.725496066251537, 0.0 ], [ -17.247767625346182, 14.72541238915856, 0.0 ], [ -17.247783525126319, 14.725182966476376, 0.0 ], [ -17.247813587130203, 14.724999550690807, 0.0 ], [ -17.247788056682491, 14.724940825796592, 0.0 ], [ -17.247840754236353, 14.724762047618146, 0.0 ], [ -17.247993660386832, 14.72490594060851, 0.0 ], [ -17.248237207466218, 14.725129496029581, 0.0 ], [ -17.248293807575457, 14.725282012254189, 0.0 ], [ -17.248414220758452, 14.725360912104321, 0.0 ], [ -17.24851822184727, 14.725251911500857, 0.0 ], [ -17.248616084991571, 14.725212847107104, 0.0 ], [ -17.248762198980412, 14.725379812141997, 0.0 ], [ -17.248686075692891, 14.725649198525831, 0.0 ], [ -17.248656640866695, 14.725896863969185, 0.0 ], [ -17.248452224497047, 14.726102913775083, 0.0 ], [ -17.248415086591535, 14.726111297902619, 0.0 ], [ -17.248230735404352, 14.726152916326246, 0.0 ], [ -17.248078968643998, 14.726218315411051, 0.0 ], [ -17.248034954183158, 14.725982492127235, 0.0 ] ] ] ] } },
{ "type": "Feature", "properties": { "OBJECTID": 126.0, "Shape_Leng": 269.63823305213549, "Shape_Area": 3278.1798592178197 }, "geometry": { "type": "MultiPolygon", "coordinates": [ [ [ [ -17.247515054567192, 14.725784868852518, 0.0 ], [ -17.247451310427966, 14.725478505507995, 0.0 ], [ -17.247767625346182, 14.72541238915856, 0.0 ], [ -17.247811279937448, 14.725496066251537, 0.0 ], [ -17.247727060239757, 14.725640589430151, 0.0 ], [ -17.248034954183158, 14.725982492127235, 0.0 ], [ -17.248078968643998, 14.726218315411051, 0.0 ], [ -17.248056101811365, 14.726228169172908, 0.0 ], [ -17.247794717862149, 14.726284988345139, 0.0 ], [ -17.247515054567192, 14.725784868852518, 0.0 ] ] ] ] } },
{ "type": "Feature", "properties": { "OBJECTID": 127.0, "Shape_Leng": 577.35576808751091, "Shape_Area": 11915.403962268603 }, "geometry": { "type": "MultiPolygon", "coordinates": [ [ [ [ -17.248808130111193, 14.726134465569187, 0.0 ], [ -17.248670903321209, 14.725983847785876, 0.0 ], [ -17.248656640866695, 14.725896863969185, 0.0 ], [ -17.248686075692891, 14.725649198525831, 0.0 ], [ -17.248762198980412, 14.725379812141997, 0.0 ], [ -17.24882485262998, 14.725467352256556, 0.0 ], [ -17.24903341309334, 14.725291608062779, 0.0 ], [ -17.249106622232464, 14.725179390750686, 0.0 ], [ -17.249141864602397, 14.72511710205168, 0.0 ], [ -17.249351636314394, 14.72525840309863, 0.0 ], [ -17.249459490032397, 14.725031627032822, 0.0 ], [ -17.249322097698354, 14.724911167544688, 0.0 ], [ -17.249385568684584, 14.724827428409119, 0.0 ], [ -17.249667754072078, 14.724904901960452, 0.0 ], [ -17.249925004110935, 14.725162996205292, 0.0 ], [ -17.249617254783761, 14.725862867269525, 0.0 ], [ -17.249473216920926, 14.725817913085161, 0.0 ], [ -17.249372039622788, 14.72595879764954, 0.0 ], [ -17.249408896525278, 14.726073878561239, 0.0 ], [ -17.24949479480135, 14.72615070793576, 0.0 ], [ -17.249453649554034, 14.72623694710075, 0.0 ], [ -17.249275013173893, 14.726211918565745, 0.0 ], [ -17.249120740111536, 14.726052959066946, 0.0 ], [ -17.249018391118966, 14.726137392168072, 0.0 ], [ -17.248931740566576, 14.726333129942732, 0.0 ], [ -17.248908272790668, 14.726333357952605, 0.0 ], [ -17.248808130111193, 14.726134465569187, 0.0 ] ] ] ] } },
{ "type": "Feature", "properties": { "OBJECTID": 128.0, "Shape_Leng": 679.93798661354936, "Shape_Area": 12980.954272674118 }, "geometry": { "type": "MultiPolygon", "coordinates": [ [ [ [ -17.246960746214686, 14.726259096342316, 0.0 ], [ -17.246961159359259, 14.726019220960152, 0.0 ], [ -17.246953313090792, 14.725642033309994, 0.0 ], [ -17.246893439344674, 14.725575939931247, 0.0 ], [ -17.246780097771691, 14.726039169364352, 0.0 ], [ -17.246778338018363, 14.725867440686903, 0.0 ], [ -17.246452260430843, 14.725588988884233, 0.0 ], [ -17.246514081093693, 14.725495904858819, 0.0 ], [ -17.24659583324388, 14.725434846546531, 0.0 ], [ -17.246653933154459, 14.725362534740031, 0.0 ], [ -17.246721801117012, 14.725179034853667, 0.0 ], [ -17.246866376519591, 14.725223612508293, 0.0 ], [ -17.246934505634286, 14.725144617435616, 0.0 ], [ -17.247129055124283, 14.725137575181996, 0.0 ], [ -17.247120218898434, 14.725246910081554, 0.0 ], [ -17.247416895580777, 14.725217260896217, 0.0 ], [ -17.247416835166256, 14.725153941763864, 0.0 ], [ -17.247783525126319, 14.725182966476376, 0.0 ], [ -17.247767625346182, 14.72541238915856, 0.0 ], [ -17.247451310427966, 14.725478505507995, 0.0 ], [ -17.247515054567192, 14.725784868852518, 0.0 ], [ -17.247794717862149, 14.726284988345139, 0.0 ], [ -17.247458200942621, 14.726454404293596, 0.0 ], [ -17.246930855567772, 14.726548624311786, 0.0 ], [ -17.246960746214686, 14.726259096342316, 0.0 ] ] ] ] } },
{ "type": "Feature", "properties": { "OBJECTID": 129.0, "Shape_Leng": 417.72915027119711, "Shape_Area": 6973.485629398323 }, "geometry": { "type": "MultiPolygon", "coordinates": [ [ [ [ -17.246134461798, 14.726610779211402, 0.0 ], [ -17.245976374386796, 14.726562615169998, 0.0 ], [ -17.245872738235224, 14.726507322360558, 0.0 ], [ -17.245818672059663, 14.726415547173261, 0.0 ], [ -17.245899085480783, 14.726285737553557, 0.0 ], [ -17.245656098264682, 14.726113161532073, 0.0 ], [ -17.245698757523854, 14.72589269606704, 0.0 ], [ -17.245742824357563, 14.725896494377007, 0.0 ], [ -17.245780147997166, 14.725956444172496, 0.0 ], [ -17.245897373134692, 14.725985615917656, 0.0 ], [ -17.245878105053841, 14.726051166438165, 0.0 ], [ -17.245831868142858, 14.726118109848384, 0.0 ], [ -17.245915217685809, 14.726136913286663, 0.0 ], [ -17.245964101524535, 14.726072161455917, 0.0 ], [ -17.245991301560796, 14.726083643495972, 0.0 ], [ -17.246177753486702, 14.725853819875532, 0.0 ], [ -17.246452260430843, 14.725588988884233, 0.0 ], [ -17.246778338018363, 14.725867440686903, 0.0 ], [ -17.246780097771691, 14.726039169364352, 0.0 ], [ -17.24658161779627, 14.726195994272583, 0.0 ], [ -17.246384033874797, 14.726418556998045, 0.0 ], [ -17.246241657241359, 14.726615581222601, 0.0 ], [ -17.246134461798, 14.726610779211402, 0.0 ] ] ] ] } },
{ "type": "Feature", "properties": { "OBJECTID": 130.0, "Shape_Leng": 360.22838123197164, "Shape_Area": 6504.1869594433538 }, "geometry": { "type": "MultiPolygon", "coordinates": [ [ [ [ -17.249383945786171, 14.726807115412322, 0.0 ], [ -17.248868218049324, 14.7264089111984, 0.0 ], [ -17.248908272790668, 14.726333357952605, 0.0 ], [ -17.248931740566576, 14.726333129942732, 0.0 ], [ -17.249018391118966, 14.726137392168072, 0.0 ], [ -17.249120740111536, 14.726052959066946, 0.0 ], [ -17.249275013173893, 14.726211918565745, 0.0 ], [ -17.249453649554034, 14.72623694710075, 0.0 ], [ -17.249898722040012, 14.726423800936134, 0.0 ], [ -17.249900366200652, 14.726584020272529, 0.0 ], [ -17.249947671737637, 14.726634994080598, 0.0 ], [ -17.250031058931622, 14.726634183500682, 0.0 ], [ -17.249862227285515, 14.726831668196398, 0.0 ], [ -17.249785654401972, 14.727075584048874, 0.0 ], [ -17.249383945786171, 14.726807115412322, 0.0 ] ] ] ] } },
{ "type": "Feature", "properties": { "OBJECTID": 131.0, "Shape_Leng": 866.26092897426668, "Shape_Area": 19522.374964774339 }, "geometry": { "type": "MultiPolygon", "coordinates": [ [ [ [ -17.247724779788054, 14.72725913921836, 0.0 ], [ -17.247711485493681, 14.727125306681737, 0.0 ], [ -17.247506898506494, 14.727110513818419, 0.0 ], [ -17.2474619427615, 14.727062136884893, 0.0 ], [ -17.247275794360938, 14.727070269054664, 0.0 ], [ -17.247212101406326, 14.727121169164537, 0.0 ], [ -17.247124133982116, 14.727115436450804, 0.0 ], [ -17.247035130047518, 14.727246615563161, 0.0 ], [ -17.246950829291226, 14.727258058629124, 0.0 ], [ -17.246934218270535, 14.727207913772602, 0.0 ], [ -17.246905218805473, 14.727162910120429, 0.0 ], [ -17.246838097499804, 14.727122161728055, 0.0 ], [ -17.246585765879459, 14.727067037801076, 0.0 ], [ -17.246407903297406, 14.726996183120498, 0.0 ], [ -17.246268103794115, 14.727074168717925, 0.0 ], [ -17.246129324670704, 14.727191863756127, 0.0 ], [ -17.246051547564075, 14.727101816821857, 0.0 ], [ -17.245999854518494, 14.7269859810244, 0.0 ], [ -17.245905184005188, 14.726826612453824, 0.0 ], [ -17.245839777243734, 14.726669544902713, 0.0 ], [ -17.245872738235224, 14.726507322360558, 0.0 ], [ -17.245976374386796, 14.726562615169998, 0.0 ], [ -17.246134461798, 14.726610779211402, 0.0 ], [ -17.246241657241359, 14.726615581222601, 0.0 ], [ -17.246384033874797, 14.726418556998045, 0.0 ], [ -17.24658161779627, 14.726195994272583, 0.0 ], [ -17.246780097771691, 14.726039169364352, 0.0 ], [ -17.246893439344674, 14.725575939931247, 0.0 ], [ -17.246953313090792, 14.725642033309994, 0.0 ], [ -17.246961159359259, 14.726019220960152, 0.0 ], [ -17.246960746214686, 14.726259096342316, 0.0 ], [ -17.246930855567772, 14.726548624311786, 0.0 ], [ -17.247458200942621, 14.726454404293596, 0.0 ], [ -17.247794717862149, 14.726284988345139, 0.0 ], [ -17.248022343012572, 14.72638965233728, 0.0 ], [ -17.247996942011287, 14.726522766475599, 0.0 ], [ -17.248024937327468, 14.72664267278792, 0.0 ], [ -17.248080369970264, 14.727022079631681, 0.0 ], [ -17.248038911039167, 14.727125871931579, 0.0 ], [ -17.247907218931488, 14.72718459044766, 0.0 ], [ -17.247908806442069, 14.727339418237221, 0.0 ], [ -17.247725975356296, 14.72737575041911, 0.0 ], [ -17.247724779788054, 14.72725913921836, 0.0 ] ] ] ] } },
{ "type": "Feature", "properties": { "OBJECTID": 132.0, "Shape_Leng": 569.92883951107626, "Shape_Area": 8830.2060867371147 }, "geometry": { "type": "MultiPolygon", "coordinates": [ [ [ [ -17.249435371868316, 14.727244768891657, 0.0 ], [ -17.249264515362707, 14.727152418451684, 0.0 ], [ -17.249225360936169, 14.727048325151298, 0.0 ], [ -17.249037246661796, 14.726874386859748, 0.0 ], [ -17.248918557049013, 14.726741611984551, 0.0 ], [ -17.248708038327727, 14.726713526259939, 0.0 ], [ -17.248483382645944, 14.726601640249012, 0.0 ], [ -17.248022343012572, 14.72638965233728, 0.0 ], [ -17.247794717862149, 14.726284988345139, 0.0 ], [ -17.248056101811365, 14.726228169172908, 0.0 ], [ -17.248078968643998, 14.726218315411051, 0.0 ], [ -17.248230735404352, 14.726152916326246, 0.0 ], [ -17.248415086591535, 14.726111297902619, 0.0 ], [ -17.248452224497047, 14.726102913775083, 0.0 ], [ -17.248656640866695, 14.725896863969185, 0.0 ], [ -17.248670903321209, 14.725983847785876, 0.0 ], [ -17.248808130111193, 14.726134465569187, 0.0 ], [ -17.248908272790668, 14.726333357952605, 0.0 ], [ -17.248868218049324, 14.7264089111984, 0.0 ], [ -17.249383945786171, 14.726807115412322, 0.0 ], [ -17.249785654401972, 14.727075584048874, 0.0 ], [ -17.249656342487359, 14.727364207036207, 0.0 ], [ -17.249435371868316, 14.727244768891657, 0.0 ] ] ] ] } },
{ "type": "Feature", "properties": { "OBJECTID": 133.0, "Shape_Leng": 217.0173186237806, "Shape_Area": 2492.136946561574 }, "geometry": { "type": "MultiPolygon", "coordinates": [ [ [ [ -17.246971761144351, 14.727434398011461, 0.0 ], [ -17.246966765805521, 14.727347374655384, 0.0 ], [ -17.247035130047518, 14.727246615563161, 0.0 ], [ -17.247124133982116, 14.727115436450804, 0.0 ], [ -17.247212101406326, 14.727121169164537, 0.0 ], [ -17.247275794360938, 14.727070269054664, 0.0 ], [ -17.2474619427615, 14.727062136884893, 0.0 ], [ -17.247506898506494, 14.727110513818419, 0.0 ], [ -17.247711485493681, 14.727125306681737, 0.0 ], [ -17.247724779788054, 14.72725913921836, 0.0 ], [ -17.247550657684432, 14.727263584070787, 0.0 ], [ -17.247491099387908, 14.727364167423286, 0.0 ], [ -17.247365657397392, 14.727423580331733, 0.0 ], [ -17.247271221927612, 14.727499908077908, 0.0 ], [ -17.247102737589458, 14.727501543905099, 0.0 ], [ -17.246971761144351, 14.727434398011461, 0.0 ] ] ] ] } },
{ "type": "Feature", "properties": { "OBJECTID": 134.0, "Shape_Leng": 422.67813274120135, "Shape_Area": 5853.7317355553123 }, "geometry": { "type": "MultiPolygon", "coordinates": [ [ [ [ -17.248874932066133, 14.727219313167607, 0.0 ], [ -17.24843476501275, 14.726940768866029, 0.0 ], [ -17.248475237366165, 14.72684109899409, 0.0 ], [ -17.248242949769697, 14.726747618695974, 0.0 ], [ -17.248024937327468, 14.72664267278792, 0.0 ], [ -17.247996942011287, 14.726522766475599, 0.0 ], [ -17.248022343012572, 14.72638965233728, 0.0 ], [ -17.248483382645944, 14.726601640249012, 0.0 ], [ -17.248708038327727, 14.726713526259939, 0.0 ], [ -17.248918557049013, 14.726741611984551, 0.0 ], [ -17.249037246661796, 14.726874386859748, 0.0 ], [ -17.249225360936169, 14.727048325151298, 0.0 ], [ -17.249264515362707, 14.727152418451684, 0.0 ], [ -17.249435371868316, 14.727244768891657, 0.0 ], [ -17.249273193313165, 14.727502830184644, 0.0 ], [ -17.248874932066133, 14.727219313167607, 0.0 ] ] ] ] } },
{ "type": "Feature", "properties": { "OBJECTID": 135.0, "Shape_Leng": 292.69581866244653, "Shape_Area": 4842.6679452954495 }, "geometry": { "type": "MultiPolygon", "coordinates": [ [ [ [ -17.245959347419586, 14.727565117458507, 0.0 ], [ -17.245979098729332, 14.72749716244487, 0.0 ], [ -17.246070099725355, 14.727402167121534, 0.0 ], [ -17.246129324670704, 14.727191863756127, 0.0 ], [ -17.246268103794115, 14.727074168717925, 0.0 ], [ -17.246407903297406, 14.726996183120498, 0.0 ], [ -17.246585765879459, 14.727067037801076, 0.0 ], [ -17.246838097499804, 14.727122161728055, 0.0 ], [ -17.246905218805473, 14.727162910120429, 0.0 ], [ -17.246934218270535, 14.727207913772602, 0.0 ], [ -17.246950829291226, 14.727258058629124, 0.0 ], [ -17.247035130047518, 14.727246615563161, 0.0 ], [ -17.246966765805521, 14.727347374655384, 0.0 ], [ -17.246845721728651, 14.727399848824733, 0.0 ], [ -17.246670712996448, 14.727531775073894, 0.0 ], [ -17.246491653990034, 14.727627143742152, 0.0 ], [ -17.245959347419586, 14.727565117458507, 0.0 ] ] ] ] } },
{ "type": "Feature", "properties": { "OBJECTID": 136.0, "Shape_Leng": 454.55193963392691, "Shape_Area": 7062.8453296807975 }, "geometry": { "type": "MultiPolygon", "coordinates": [ [ [ [ -17.248877672065454, 14.72768154711736, 0.0 ], [ -17.248693774381255, 14.727715718349131, 0.0 ], [ -17.248582310827917, 14.727453411167986, 0.0 ], [ -17.248490353724279, 14.727361470008704, 0.0 ], [ -17.248281380509948, 14.727331519419025, 0.0 ], [ -17.247931449775255, 14.727334918279393, 0.0 ], [ -17.247908806442069, 14.727339418237221, 0.0 ], [ -17.247907218931488, 14.72718459044766, 0.0 ], [ -17.248038911039167, 14.727125871931579, 0.0 ], [ -17.248080369970264, 14.727022079631681, 0.0 ], [ -17.248024937327468, 14.72664267278792, 0.0 ], [ -17.248242949769697, 14.726747618695974, 0.0 ], [ -17.248475237366165, 14.72684109899409, 0.0 ], [ -17.24843476501275, 14.726940768866029, 0.0 ], [ -17.248874932066133, 14.727219313167607, 0.0 ], [ -17.249273193313165, 14.727502830184644, 0.0 ], [ -17.248965500448186, 14.727803753212054, 0.0 ], [ -17.248877672065454, 14.72768154711736, 0.0 ] ] ] ] } }
]
}
